Description,Index,Connecticut,Andover,Ansonia PD,Ashford CSP,Avon PD,Barkhamsted CSP,Beacon Falls CSP,Berlin PD,Bethany CSP,Bethel PD,Bethlehem CSP,Bloomfield PD,Bolton CSP,Bozrah CSP,Branford PD,Bridgeport PD,Bridgewater CSP,Bristol PD,Brookfield PD,Brooklyn CSP,Burlington CSP,Canaan CSP,Canterbury CSP,Canton PD,Chaplin CSP,Cheshire PD,Chester CSP,Clinton PD,Colchester CSP,Colebrook CSP,Columbia CSP,Cornwall CSP,Coventry PD,Cromwell PD,Danbury PD,Darien PD,Deep River CSP,Derby PD,Durham CSP,Eastford CSP,East Granby CSP,East Haddam CSP,East Hampton PD,East Hartford PD,East Haven PD,East Lyme CSP,Easton PD,East Windsor PD,Ellington CSP,Enfield PD,Essex CSP,Fairfield PD,Farmington PD,Franklin CSP,Glastonbury PD,Goshen CSP,Granby PD,Greenwich PD,Griswold CSP,Groton City PD,Guilford PD,Haddam CSP,Hamden PD,Hampton CSP,Hartford PD,Hartland CSP,Harwinton CSP,Hebron CSP,Kent CSP,Killingly CSP,Killingworth CSP,Lebanon CSP,Ledyard CSP,Lisbon CSP,Litchfield CSP,Lyme CSP,Madison PD,Manchester PD,Mansfield CSP,Marlborough CSP,Meriden PD,Middlebury PD,Middlefield CSP,Middletown PD,Milford PD,Monroe PD,Montville CSP,Morris CSP,Naugatuck PD,New Britain PD,New Canaan PD,New Fairfield CSP,New Hartford CSP,New Haven PD,Newington PD,New London PD,New Milford PD,Newtown PD,Norfolk CSP,North Branford PD,North Canaan CSP,North Haven PD,North Stonington CSP,Norwalk PD,Norwich PD,Old Lyme CSP,Old Saybrook PD,Orange PD,Oxford CSP,Plainfield PD,Plainville PD,Plymouth PD,Pomfret CSP,Portland PD,Preston CSP,Prospect CSP,Putnam PD,Putnam CSP,Redding PD,Ridgefield PD,Rocky Hill PD,Roxbury CSP,Salem CSP,Salisbury CSP,Scotland CSP,Seymour PD,Sharon CSP,Shelton PD,Sherman CSP,Simsbury PD,Somers CSP,Southbury CSP,Southington PD,South Windsor PD,Sprague CSP,Stafford CSP,Stamford PD,Sterling CSP,Stonington PD,Stratford PD,Suffield PD,Thomaston PD,Thompson CSP,Tolland CSP,Torrington PD,Trumbull PD,Union CSP,Vernon PD,Voluntown CSP,Wallingford PD,Warren CSP,Washington CSP,Waterbury PD,Waterford PD,Watertown PD,Westbrook CSP,West Hartford PD,West Haven PD,Weston PD,Westport PD,Wethersfield PD,Willington CSP,Wilton PD,Winchester PD,Willimantic PD,Windham CSP,Windsor PD,Windsor Locks PD,Wolcott PD,Woodbridge PD,Woodbury CSP,Woodstock CSP,Yale Univ. PD,UCONN-Storrs PD,Foxwoods Casino CSP,Mohegan Sun Casino CSP,MTA PD,CCSU PD,ECSU PD,UCONN Health Ctr. PD,WCSU PD,SCSU PD,Capitol Police PD,Groton Town PD,Groton Long Pt. PD,CTSPOther,Fairfield,Hartford,Litchfield,Middlesex,New Haven,New London,Tolland,Windham,New York,Urban,NonUrban,CSP Total,NIBRS,Summary
Population,1,3594649,3205,19583,4325,16709,3687,5537,19227,5319,19069,3611,20674,5295,2489,30275,147278,1926,63396,16534,7572,8644,1139,4953,9330,2372,30128,3950,13823,15358,1554,5246,1516,12143,13584,79004,20695,4867,13079,6995,1708,5008,8797,14094,52328,29753,19125,7675,10363,13639,47723,6867,60525,24954,1937,33645,2846,10920,64493,11408,9771,22587,7554,60072,1854,128328,2125,5574,9087,3017,17386,6353,7292,15503,4295,8778,2129,18850,57780,21873,6026,61477,6809,4436,45563,55211,20313,19574,2430,32709,75510,20473,14729,6426,130490,30934,27097,28626,26421,1751,14680,3537,24313,5269,87556,38124,7817,10942,13969,10366,15430,18291,12279,4009,9217,4948,9191,7260,2242,8729,24956,18964,2254,4072,4199,1641,16313,3134,40217,4041,24525,10994,19597,41934,25767,3137,11934,123583,3272,18900,52749,14305,7921,9370,13876,37156,36142,730,29619,2668,45416,1324,3795,113228,20216,22863,6640,67119,55268,10594,27180,27730,6291,18612,11257,17395,6731,29805,12712,16059,9480,9709,7621,0,0,0,0,0,0,0,0,0,0,0,31719,634,3071153,931568,904776,192309,163682,869759,273482,143932,115141,0,642907,2951742,523496,6665802,0
Murder Offenses,2,86,0,0,0,0,0,0,0,0,0,0,1,0,0,0,11,0,2,0,0,0,0,0,0,0,0,0,1,0,0,0,0,1,0,2,0,1,0,0,0,0,0,0,1,0,0,0,1,0,0,0,0,0,0,0,0,0,0,0,0,0,0,0,0,23,0,0,0,0,0,0,0,0,0,0,0,0,3,0,0,0,0,0,0,0,0,0,0,0,1,0,0,0,19,0,3,0,0,0,0,0,0,2,0,1,0,0,0,0,0,0,0,0,0,0,0,0,0,0,0,0,0,0,0,0,0,0,0,0,0,0,0,0,0,0,0,1,1,0,0,0,0,0,0,0,0,0,0,0,1,0,0,5,0,0,0,0,2,0,0,0,0,0,0,0,2,1,0,0,0,0,0,0,0,0,0,0,0,0,0,0,0,0,0,0,0,14,33,0,2,27,6,1,3,0,59,27,6,38,48
Murder Clearances,3,61,0,0,0,0,0,0,0,0,0,0,1,0,0,0,5,0,3,0,0,0,0,0,0,0,0,0,0,0,0,0,0,0,0,2,0,1,0,0,0,0,0,1,1,0,0,0,1,0,0,0,0,0,0,0,0,0,0,0,0,0,0,0,0,15,0,0,0,0,0,0,0,0,0,0,0,0,3,0,1,0,0,0,0,0,0,0,0,0,2,0,0,0,13,0,3,0,0,0,0,0,0,0,0,3,0,0,0,0,0,0,0,0,0,0,0,0,0,0,0,0,0,0,0,0,0,1,0,0,0,0,0,0,0,0,0,0,1,0,0,0,0,0,0,0,0,0,0,0,1,0,0,1,0,0,0,0,1,0,0,0,0,0,0,0,1,0,0,0,0,0,0,0,0,0,0,0,0,0,0,0,0,0,0,0,0,7,27,1,2,16,6,0,2,0,34,27,5,29,32
Murder Value_Stolen,4,262,0,0,0,0,0,0,0,0,0,0,0,0,0,0,0,0,0,0,0,0,0,0,0,0,0,0,0,0,0,0,0,0,0,0,0,0,0,0,0,0,0,0,0,0,0,0,0,0,0,0,0,0,0,0,0,0,0,0,0,0,0,0,0,0,0,0,0,0,0,0,0,0,0,0,0,0,0,0,0,0,0,0,0,0,0,0,0,0,0,0,0,0,262,0,0,0,0,0,0,0,0,0,0,0,0,0,0,0,0,0,0,0,0,0,0,0,0,0,0,0,0,0,0,0,0,0,0,0,0,0,0,0,0,0,0,0,0,0,0,0,0,0,0,0,0,0,0,0,0,0,0,0,0,0,0,0,0,0,0,0,0,0,0,0,0,0,0,0,0,0,0,0,0,0,0,0,0,0,0,0,0,0,0,0,0,0,0,0,0,262,0,0,0,0,262,0,0,262,0
NgMansl Offenses,5,7,0,0,0,0,0,0,0,0,2,0,0,0,0,0,0,0,0,0,0,0,0,0,0,0,0,0,0,0,0,0,0,0,0,0,0,0,1,0,0,0,0,0,0,0,0,0,0,0,0,0,0,0,0,0,0,0,0,0,0,0,0,0,0,0,0,0,0,0,0,0,0,0,0,0,0,0,0,0,0,0,0,0,0,0,0,0,0,0,0,0,0,0,1,0,0,0,0,0,0,0,0,0,1,0,0,0,0,0,0,0,0,0,0,0,0,0,0,0,0,0,0,0,0,0,0,0,0,0,0,0,0,0,0,0,0,0,0,0,0,0,0,0,0,0,0,0,0,0,0,0,0,1,0,0,0,0,0,0,0,0,0,0,0,0,0,0,0,0,0,0,0,0,0,0,0,0,0,0,0,0,0,0,0,0,1,3,0,0,1,3,0,0,0,0,2,5,1,6,1
NgMansl Clearances,6,5,0,0,0,0,0,0,0,0,1,0,0,0,0,0,0,0,0,0,0,0,0,0,0,0,0,0,0,0,0,0,0,0,0,0,0,0,0,0,0,0,0,0,0,0,0,0,0,0,0,0,0,0,0,0,0,0,0,0,0,0,0,0,0,0,0,0,0,0,0,0,0,0,0,0,0,0,0,0,0,0,0,0,0,0,0,0,0,0,1,0,0,0,1,0,0,0,0,0,0,0,0,0,1,0,0,0,0,0,0,0,0,0,0,0,0,0,0,0,0,0,0,0,0,0,0,0,0,0,0,0,0,0,0,0,0,0,0,0,0,0,0,0,0,0,0,0,0,0,0,0,0,1,0,0,0,0,0,0,0,0,0,0,0,0,0,0,0,0,0,0,0,0,0,0,0,0,0,0,0,0,0,0,0,0,0,2,1,0,0,2,0,0,0,0,2,3,0,3,2
Rape Value_Stolen,7,22707,0,15000,0,0,0,0,0,0,0,0,0,0,0,0,5130,0,0,0,0,0,0,0,0,0,0,0,0,0,0,0,0,0,0,0,0,0,0,0,0,0,0,0,0,0,0,0,1,0,0,0,0,0,0,0,0,0,0,0,0,0,0,0,0,0,0,0,0,0,0,0,0,0,0,0,0,0,0,0,0,0,0,0,0,0,0,0,0,0,0,0,0,0,570,0,0,0,5,0,0,0,0,0,0,0,0,0,0,0,0,0,0,0,0,0,0,0,0,0,0,0,0,0,0,0,0,0,0,0,0,0,0,0,0,0,0,2000,0,0,0,0,0,0,0,0,0,0,0,0,0,0,0,0,0,0,0,0,0,0,0,0,0,0,0,0,0,0,0,0,0,0,0,0,0,0,0,0,0,0,0,0,0,0,1,0,0,7135,1,0,0,15570,1,0,0,0,7700,15007,0,17577,5130
Rape Committed Offenses,8,602,1,5,1,0,0,0,1,0,2,0,7,0,0,0,70,0,11,0,3,0,0,0,1,0,0,0,3,1,0,0,0,1,0,22,0,0,1,0,0,0,1,0,24,3,1,0,2,0,1,0,4,3,0,0,0,1,3,2,0,1,0,7,0,53,0,1,0,0,2,0,1,1,0,0,0,0,16,1,1,18,0,0,11,1,0,3,0,8,20,3,2,0,57,6,18,5,3,0,2,0,1,0,14,14,0,2,0,1,2,4,1,0,0,0,0,3,2,0,0,1,0,0,0,0,1,0,2,0,2,1,0,13,4,1,2,21,0,3,6,2,0,1,0,9,0,0,5,0,3,0,1,2,0,3,0,0,0,1,0,3,0,0,3,3,1,2,5,2,0,0,1,3,9,1,0,0,1,0,0,0,3,0,16,0,5,153,184,23,22,119,62,20,19,0,203,399,39,366,236
Rape Committed Clearances,9,509,0,0,0,0,0,0,0,0,1,0,6,0,0,0,313,0,3,0,0,0,0,1,0,0,0,0,2,0,0,0,0,0,0,4,0,0,1,0,0,0,1,0,14,1,1,0,0,0,1,0,3,2,0,1,0,1,1,0,0,0,0,4,0,16,0,1,0,0,1,0,0,1,0,0,0,0,5,1,0,9,0,0,2,0,0,1,0,3,2,0,1,0,26,3,1,1,0,0,1,0,0,0,4,5,0,2,1,0,0,2,0,0,0,0,0,2,1,0,0,1,0,0,0,0,1,0,0,0,1,1,0,7,0,1,1,9,0,1,1,1,0,1,0,5,0,0,1,0,2,0,0,3,0,3,0,0,0,0,1,2,0,0,1,1,0,2,1,1,0,0,0,1,1,0,0,0,0,0,0,0,1,0,4,0,0,338,71,11,7,55,15,5,7,0,367,142,14,144,365
Rape Attempted Offenses,10,29,0,0,0,0,0,0,0,0,0,0,0,0,0,0,12,0,0,0,0,0,0,0,0,0,0,0,0,0,0,0,0,0,0,3,0,0,0,0,0,0,0,0,1,0,0,0,0,0,0,0,0,0,0,0,0,0,0,0,0,0,0,0,0,0,0,0,0,0,0,0,0,0,0,0,0,0,0,0,0,1,0,0,0,0,0,0,0,2,0,0,0,0,1,0,0,0,0,0,0,0,0,0,0,0,0,0,0,0,0,0,0,0,0,0,0,0,0,0,0,0,0,0,0,0,1,0,0,0,0,0,0,0,0,0,0,3,0,0,1,0,0,0,0,2,0,0,0,0,0,0,0,0,0,0,0,1,0,0,0,0,0,0,0,0,0,0,0,0,0,0,0,0,0,0,0,0,0,0,0,0,1,0,0,0,0,19,2,2,0,6,0,0,0,0,16,13,0,13,16
Rape Attempted Clearances,11,7,0,0,0,0,0,0,0,0,0,0,0,0,0,0,3,0,0,0,0,0,0,0,0,0,0,0,0,0,0,0,0,0,0,0,0,0,0,0,0,0,0,0,1,0,0,0,0,0,0,0,0,0,0,0,0,0,0,0,0,0,0,0,0,0,0,0,0,0,0,0,0,0,0,0,0,0,0,0,0,1,0,0,0,0,0,0,0,0,0,0,0,0,0,0,0,0,0,0,0,0,0,0,0,0,0,0,0,0,0,0,0,0,0,0,0,0,0,0,0,0,0,0,0,0,0,0,0,0,0,0,0,0,0,0,0,1,0,0,1,0,0,0,0,0,0,0,0,0,0,0,0,0,0,0,0,0,0,0,0,0,0,0,0,0,0,0,0,0,0,0,0,0,0,0,0,0,0,0,0,0,0,0,0,0,0,5,1,0,0,1,0,0,0,0,4,3,0,3,4
Robbery Highway Offenses,12,2058,0,11,0,0,0,0,1,0,0,0,3,0,0,0,424,0,10,0,0,0,0,0,0,0,1,0,0,0,0,0,0,0,0,26,0,0,2,0,0,0,0,0,23,4,0,0,1,0,0,1,0,0,1,0,0,0,2,1,0,0,0,22,0,444,0,0,0,0,0,0,0,0,0,0,0,0,14,0,0,34,0,0,2,5,0,0,0,0,56,0,0,0,584,0,18,0,0,0,0,0,2,0,34,14,0,0,0,0,1,0,0,1,0,0,0,1,0,0,0,1,0,0,0,0,1,0,1,0,0,0,0,0,0,0,0,108,0,1,9,0,0,0,0,3,0,0,1,0,0,0,0,136,1,0,0,6,30,0,1,0,0,0,0,7,0,4,0,0,0,0,0,0,0,0,0,0,0,0,0,0,0,0,2,0,3,605,563,3,6,832,38,1,10,0,1696,362,7,874,1184
Robbery Highway Value_Stolen,13,838240,0,4830,0,0,0,0,320,0,0,0,10269,0,0,0,228956,0,796,0,0,0,0,0,0,0,1,0,0,0,0,0,0,0,0,9469,0,0,2,0,0,0,0,0,2739,3226,0,0,80,0,0,100,0,0,1841,0,0,0,540,420,0,0,0,5926,0,0,0,0,0,0,0,0,0,0,0,0,0,0,6111,0,0,14377,0,0,331,1273,0,0,0,0,74126,0,0,0,317523,0,3614,0,0,0,0,0,293,0,6828,474,0,0,0,0,300,0,0,1,0,0,0,0,0,0,0,100,0,0,0,0,150,0,420,0,0,0,0,0,0,0,0,39785,0,110,2441,0,0,0,0,1300,0,0,15,0,0,0,0,83825,516,0,0,2499,6873,0,0,0,0,0,0,1405,0,3684,0,0,0,0,0,0,0,0,0,0,0,0,0,0,0,0,150,0,201,288439,100724,1300,632,438299,7125,15,1706,0,670089,168151,2563,412656,425584
Robbery Commercial_House Offenses,14,484,0,1,0,2,0,0,0,0,0,0,1,0,0,1,55,0,14,0,0,0,0,0,1,0,0,0,2,0,0,0,0,0,5,7,0,0,3,0,0,0,0,0,12,5,0,0,5,0,0,0,5,11,0,3,0,0,1,0,0,0,0,18,0,51,0,0,0,0,0,0,0,0,0,0,0,0,24,0,1,1,0,0,6,0,0,0,0,3,13,1,0,0,65,4,9,1,0,0,0,0,6,1,3,0,0,0,9,0,0,0,0,0,0,0,0,0,0,0,0,0,0,0,0,0,1,0,1,0,0,0,0,6,2,0,0,14,1,0,14,0,0,0,0,3,4,0,5,0,4,0,0,24,4,2,0,19,10,0,0,4,0,0,0,2,1,5,4,0,0,0,0,0,0,0,0,0,0,0,0,0,0,0,2,0,2,105,182,6,15,151,16,5,4,0,209,275,6,293,191
Robbery Commercial_House Value_Stolen,15,754445,0,239,0,345,0,0,0,0,0,0,165,0,0,80,27529,0,3011,0,0,0,0,0,1,0,0,0,17508,0,0,0,0,0,527,52882,0,0,1063,0,0,0,0,0,18869,17129,0,0,14388,0,0,0,5507,4935,0,1209,0,0,0,0,0,0,0,68292,0,0,0,0,0,0,0,0,0,0,0,0,0,0,16403,0,200,210,0,0,946,0,0,0,0,31554,17169,55600,0,0,74806,819,1243,31,0,0,0,0,2008,114,7307,0,0,0,41600,0,0,0,0,0,0,0,0,0,0,0,0,0,0,0,0,0,359,0,0,0,0,0,0,1539,122,0,0,10764,600,0,6944,0,0,0,0,390,55025,0,12420,0,33252,0,0,37180,1168,144,0,93829,1775,0,0,304,0,0,0,700,748,10756,625,0,0,0,0,0,0,0,0,0,0,0,0,0,0,0,247,0,1865,221558,184689,565,20846,309547,2772,12420,2048,0,150279,604166,3527,600356,154089
Robbery Gas/Service_Station Offenses,16,76,0,1,0,0,0,0,1,0,0,0,1,0,0,0,1,0,0,0,0,0,0,0,0,0,0,0,0,1,0,0,0,0,1,7,0,0,0,0,0,0,0,0,3,0,0,0,0,1,4,0,2,0,0,0,0,0,0,0,0,0,1,0,0,0,0,0,0,0,0,0,0,0,0,0,0,0,0,0,0,3,0,0,0,1,1,0,0,1,4,0,0,0,9,0,0,0,0,0,0,0,1,0,9,0,0,0,0,0,0,1,0,0,0,0,0,0,0,0,0,2,0,0,0,0,0,0,0,0,0,1,0,2,0,0,0,0,0,0,1,0,0,0,0,1,1,0,2,0,0,0,0,8,0,0,0,0,3,0,0,0,0,0,0,0,0,1,0,0,0,0,0,0,0,0,0,0,0,0,0,0,0,0,0,0,0,22,19,1,2,27,1,4,0,0,18,58,4,42,34
Robbery Gas/Service_Station Value_Stolen,17,33110,0,700,0,0,0,0,7,0,0,0,0,0,0,0,3700,0,0,0,0,0,0,0,0,0,0,0,0,810,0,0,0,0,500,1100,0,0,0,0,0,0,0,0,16,0,0,0,0,520,4800,0,687,0,0,0,0,0,0,0,0,0,150,0,0,0,0,0,0,0,0,0,0,0,0,0,0,0,0,0,0,1680,0,0,0,0,0,0,0,1,76,0,0,0,2966,0,0,0,0,0,0,0,150,0,2427,0,0,0,0,0,0,0,0,0,0,0,0,0,0,0,0,3452,0,0,0,0,0,0,0,0,0,1,0,486,0,0,0,0,0,0,1,0,0,0,0,0,300,0,2079,0,0,0,0,5432,0,0,0,0,643,0,0,0,0,0,0,0,0,426,0,0,0,0,0,0,0,0,0,0,0,0,0,0,0,0,0,0,0,8215,9263,0,650,11572,810,2600,0,0,12098,21012,1481,12227,20883
Robbery Chain_Store Offenses,18,202,0,1,0,0,0,0,0,0,0,0,0,0,0,2,25,0,6,0,0,0,0,0,0,0,0,0,0,0,0,0,0,0,1,2,0,0,3,1,1,0,0,0,7,0,1,0,0,0,8,0,4,0,0,0,0,0,0,0,0,0,0,2,0,0,0,0,0,0,0,0,0,0,0,0,0,0,0,0,0,3,0,0,0,1,0,1,0,6,15,0,0,0,40,0,3,0,0,0,0,0,3,0,2,2,0,0,0,0,1,7,0,0,0,0,0,0,0,0,0,1,0,0,0,0,0,0,1,0,1,0,0,4,0,0,0,7,0,0,5,0,1,0,0,1,0,0,0,0,0,0,0,16,0,0,0,1,5,0,0,0,1,0,0,3,0,1,2,2,0,0,1,0,0,0,0,0,0,0,0,0,0,0,1,0,0,46,53,2,2,84,8,1,6,0,88,114,6,117,85
Robbery Chain_Store Value_Stolen,19,125410,0,770,0,0,0,0,0,0,0,0,0,0,0,169,16571,0,10843,0,0,0,0,0,0,0,0,0,0,0,0,0,0,0,2675,1920,0,0,2801,2,0,0,0,0,1578,0,1878,0,0,0,21022,0,386,0,0,0,0,0,0,0,0,0,0,714,0,0,0,0,0,0,0,0,0,0,0,0,0,0,0,0,0,960,0,0,0,0,0,0,0,3855,4594,0,0,0,11953,0,1007,0,0,0,0,0,492,0,651,0,0,0,0,0,210,5353,0,0,0,0,0,0,0,0,0,0,0,0,0,0,0,0,0,0,300,0,0,756,0,0,0,8998,0,0,11238,0,500,0,0,450,0,0,0,0,0,0,0,7383,0,0,0,100,2132,0,0,0,570,0,0,40,0,800,1423,116,0,0,200,0,0,0,0,0,0,0,0,0,0,0,0,0,0,39764,46769,950,2677,31345,2885,570,450,0,44905,80505,2650,65475,59935
Robbery Residence Offenses,20,320,0,0,0,0,0,0,1,0,0,0,2,0,2,0,65,0,5,0,0,0,0,0,0,0,0,0,0,0,0,0,0,2,0,7,0,0,1,0,0,0,0,0,14,1,0,0,1,0,2,0,0,0,0,1,0,0,0,0,0,0,0,5,0,36,0,0,0,0,1,0,0,0,0,0,0,0,3,0,0,13,0,0,7,0,0,1,0,1,9,0,0,0,54,0,12,1,0,0,0,0,0,0,3,4,0,0,0,0,0,3,0,0,0,0,0,1,0,0,0,1,0,0,1,0,0,0,2,0,1,0,1,1,1,0,0,10,0,0,1,0,1,0,0,1,1,0,0,0,1,0,0,27,0,1,0,1,5,0,0,1,0,0,0,1,0,0,1,0,0,0,0,0,0,0,0,0,0,0,0,0,0,0,1,0,1,89,84,5,8,109,20,2,3,0,192,128,7,144,176
Robbery Residence Value_Stolen,21,244146,0,0,0,0,0,0,157,0,0,0,909,0,600,0,56814,0,396,0,0,0,0,0,0,0,0,0,0,0,0,0,0,2878,0,1435,0,0,90,0,0,0,0,0,12130,250,0,0,1552,0,130,0,0,0,0,0,0,0,0,0,0,0,0,16395,0,0,0,0,0,0,1,0,0,0,0,0,0,0,306,0,0,4886,0,0,978,0,0,1,0,0,801,0,0,0,29243,0,10062,1,0,0,0,0,0,0,9961,30,0,0,0,0,0,581,0,0,0,0,0,1,0,0,0,500,0,0,360,0,0,0,40,0,10986,0,1,160,0,0,0,7050,0,0,0,0,1,0,0,4000,34760,0,0,0,100,0,0,31567,0,2,0,426,2410,0,0,900,0,0,0,65,0,0,0,0,0,0,0,0,0,0,0,0,0,0,0,0,0,0,70,0,160,110060,29934,4364,1138,84942,10763,2878,67,0,124674,119472,1123,144686,99460
Robbery Bank Offenses,22,68,0,0,0,0,0,0,0,0,0,0,1,0,0,0,4,0,1,0,0,0,0,0,0,0,0,0,0,0,0,0,0,0,1,0,0,0,0,1,0,0,0,0,2,0,0,0,0,0,1,1,4,0,0,0,0,0,1,0,0,0,1,2,0,2,0,0,1,0,1,0,0,0,0,0,0,0,2,0,0,1,0,0,0,2,0,0,0,0,3,0,1,0,2,0,1,0,0,0,0,0,0,0,0,1,0,0,0,0,0,0,0,0,0,0,1,0,0,0,0,1,0,0,0,0,2,0,2,0,0,0,0,0,0,0,0,3,0,1,1,0,0,0,0,0,0,0,2,0,0,0,0,10,0,0,0,2,1,0,0,0,0,0,0,0,0,2,0,0,1,0,0,0,0,0,0,0,0,0,0,0,0,0,1,0,1,16,17,0,5,22,4,3,1,0,21,47,8,40,28
Robbery Bank Value_Stolen,23,294841,0,0,0,0,0,0,0,0,0,0,1,0,0,0,8100,0,900,0,0,0,0,0,0,0,0,0,0,0,0,0,0,0,20998,0,0,0,0,4950,0,0,0,0,700,0,0,0,0,0,5425,250,3,0,0,0,0,0,1,0,0,0,2001,4921,0,0,0,0,100,0,1506,0,0,0,0,0,0,0,0,0,0,2000,0,0,0,18346,0,0,0,0,31115,0,1343,0,759,0,3156,0,0,0,0,0,0,0,0,0,0,0,0,0,0,0,0,0,0,0,9500,0,0,0,0,798,0,0,0,0,10343,0,24800,0,0,0,0,0,0,0,0,14078,0,11325,1300,0,0,0,0,0,0,0,79950,0,0,0,0,17847,0,0,0,800,3610,0,0,0,0,0,0,0,0,3458,0,0,5849,0,0,0,0,0,0,0,0,0,0,0,0,0,4607,0,1,49625,43197,0,28200,73175,19088,80050,1506,0,40784,254057,19651,207600,87241
Robbery Miscellaneous Offenses,24,320,0,2,0,1,0,0,1,0,0,0,2,0,0,0,10,0,9,0,0,0,0,1,0,0,0,0,0,1,0,0,0,0,0,4,0,0,2,0,0,0,0,0,2,2,0,0,1,0,4,1,1,0,0,1,0,0,2,0,0,0,0,13,0,24,0,0,0,1,0,0,0,1,0,0,0,0,7,0,0,30,0,0,7,14,2,0,0,2,10,0,0,0,15,5,7,3,0,0,0,0,2,0,10,8,0,0,0,0,1,1,0,0,0,0,1,0,0,0,0,1,0,0,0,0,2,0,0,0,0,0,0,2,3,1,2,18,0,0,10,0,0,0,0,2,3,0,3,0,2,0,0,21,1,1,0,6,14,0,0,1,0,0,0,1,0,1,0,0,1,0,0,3,1,0,1,3,0,0,0,0,1,0,1,0,3,63,82,7,11,127,21,6,3,0,88,232,13,158,162
Robbery Miscellaneous Value_Stolen,25,413731,0,12329,0,130,0,0,50,0,0,0,511,0,0,0,3319,0,8988,0,0,0,0,1,0,0,0,0,0,15,0,0,0,0,0,2645,0,0,92,0,0,0,0,0,166,22057,0,0,160,0,95,10,0,0,0,256,0,0,70141,0,0,0,0,5827,0,0,0,0,0,360,0,0,0,330,0,0,0,0,16601,0,0,7116,0,0,275,6317,444,0,0,682,1122,0,0,0,12226,5400,2328,3095,0,0,0,0,11504,0,1076,456,0,0,0,0,1150,50,0,0,0,0,57000,0,0,0,0,75,0,0,0,0,301,0,0,0,0,0,0,21,2231,100,0,3414,0,0,4568,0,0,0,0,630,1048,0,1200,0,1256,0,0,62979,6,880,0,7841,7245,0,0,800,0,0,0,80,0,262,0,0,2233,0,0,3096,1365,0,55900,1040,0,0,0,0,506,0,28,0,302,87695,44759,4965,587,212766,59163,2565,1231,0,81938,331793,114018,293944,119787
Robbery Firearm Offenses,26,1148,0,5,0,0,0,0,1,0,0,0,4,0,0,1,203,0,17,0,0,0,0,0,0,0,0,0,1,0,0,0,0,2,3,9,0,0,2,1,1,0,0,0,21,6,1,0,4,1,7,1,7,0,1,2,0,0,0,1,0,0,1,21,0,153,0,0,0,1,0,0,0,0,0,0,0,0,11,0,1,25,0,0,3,7,0,1,0,5,29,0,0,0,298,1,11,2,0,0,0,0,4,1,15,7,0,0,1,0,1,1,0,1,0,0,1,1,0,0,0,4,0,0,1,0,3,0,1,0,0,0,0,4,2,1,1,29,1,1,19,0,0,0,0,7,2,0,3,0,2,0,0,103,1,0,0,7,26,0,0,1,1,0,0,6,0,8,2,1,0,0,0,0,0,0,0,0,0,0,0,0,0,0,1,0,5,285,280,11,15,511,27,8,11,0,786,362,24,560,588
Robbery Firearm Clearances,27,270,0,1,0,0,0,0,1,0,0,0,1,0,0,1,29,0,13,0,0,1,0,0,0,0,0,0,1,0,0,0,0,0,0,3,0,0,0,1,0,0,0,0,8,2,0,0,0,0,1,0,3,0,1,3,0,0,0,1,0,0,0,4,0,29,0,0,0,0,0,0,0,0,0,0,0,0,7,0,1,6,0,0,1,2,0,1,0,2,9,0,0,0,45,1,4,0,0,0,0,0,0,0,5,3,0,0,0,0,0,1,0,0,0,0,0,0,0,0,0,1,0,0,0,0,1,0,0,0,0,0,0,0,1,0,0,9,1,0,4,0,0,0,0,4,1,0,0,0,3,0,0,35,0,1,0,5,1,0,0,0,0,0,0,4,0,4,1,1,0,0,0,0,0,0,0,0,0,0,0,0,0,0,1,0,0,54,88,5,3,104,11,0,5,0,147,123,7,141,129
Robbery Knife_Cutting_Instrument Offenses,28,351,0,2,0,0,0,0,0,0,0,0,0,0,0,0,78,0,4,0,0,0,0,0,0,0,0,0,0,1,0,0,0,0,0,5,0,0,2,0,0,0,0,0,6,1,0,0,0,0,5,0,1,0,0,0,0,0,1,0,0,0,1,4,0,54,0,0,0,0,0,0,0,0,0,0,0,0,7,0,0,6,0,0,5,3,1,0,0,4,16,0,0,0,54,0,5,1,0,0,0,0,1,0,7,6,0,0,2,0,0,0,0,0,0,0,0,0,0,0,0,1,0,0,0,0,0,0,0,0,1,1,0,3,1,0,0,13,0,0,1,0,0,0,0,1,0,0,1,0,0,0,0,21,1,0,0,1,11,0,1,0,0,0,0,1,1,0,1,1,0,0,1,0,0,0,0,2,0,0,0,0,0,0,1,0,2,110,100,2,8,112,14,2,3,0,220,131,7,135,216
Robbery Knife_Cutting_Instrument Clearances,29,125,0,1,0,0,0,0,0,0,0,0,0,0,0,0,12,0,3,0,0,0,0,0,0,0,0,0,0,0,0,0,0,0,0,1,0,0,1,0,0,0,0,0,3,0,0,0,0,0,2,0,1,0,1,0,0,0,0,0,0,0,0,1,0,16,0,0,0,0,0,0,0,0,0,0,0,0,2,0,0,4,0,0,2,3,1,0,0,3,6,0,0,0,19,0,2,0,0,0,0,0,0,0,2,5,0,0,0,0,0,0,0,0,0,0,1,0,0,0,0,0,0,0,0,0,1,0,1,0,1,0,0,0,0,0,0,5,0,0,0,0,0,0,0,1,0,0,1,0,0,0,0,13,1,0,0,0,3,0,1,0,0,0,0,0,1,0,1,0,0,0,1,0,0,0,0,0,0,0,0,0,0,0,1,0,1,24,34,1,3,50,10,1,2,0,65,60,5,58,67
Robbery Other_Dangerous_Weapon Offenses,30,279,0,1,0,0,0,0,1,0,0,0,2,0,0,0,31,0,5,0,0,0,0,0,0,0,0,0,0,0,0,0,0,0,2,3,0,0,0,1,0,0,0,0,7,0,0,0,1,0,0,1,2,0,0,0,0,0,1,0,0,0,0,9,0,38,0,0,1,0,0,0,0,0,0,0,0,0,2,0,0,12,0,0,2,1,2,0,0,1,10,1,0,0,37,0,6,0,0,0,0,0,4,0,5,0,0,0,1,0,1,7,0,0,0,0,1,0,0,0,0,0,0,0,0,0,2,0,1,0,0,0,0,5,1,0,0,21,0,0,3,0,0,0,0,1,2,0,5,0,0,0,0,19,1,2,0,2,2,0,0,0,0,0,0,1,0,2,1,0,2,0,0,1,1,0,0,0,0,0,0,0,0,0,3,0,2,72,84,3,8,93,10,7,2,0,146,133,6,152,127
Robbery Other_Dangerous_Weapon Clearances,31,104,0,1,0,0,0,0,2,0,0,0,0,0,0,1,6,0,3,0,0,0,0,0,0,0,0,0,0,0,0,0,0,0,1,2,0,0,0,0,0,0,0,0,3,0,0,0,0,0,0,0,1,0,0,0,0,0,0,1,0,0,0,6,0,6,0,0,1,0,0,0,0,0,0,0,0,0,1,0,0,8,0,0,0,3,0,1,0,1,4,0,0,0,9,0,2,0,0,0,0,0,3,0,0,0,0,0,1,0,0,4,0,0,0,0,1,0,0,0,0,0,0,0,0,0,0,0,0,0,0,0,0,1,0,0,0,11,0,0,1,0,0,0,0,0,1,0,2,0,0,0,0,4,1,1,0,2,1,0,0,0,0,0,0,0,0,1,0,0,2,0,0,1,1,0,0,0,0,0,0,0,0,0,1,0,1,22,27,1,2,42,6,4,0,0,36,68,5,64,40
Robbery Hands_Fists_Feet_etc. Offenses,32,1750,0,8,0,3,0,0,2,0,0,0,4,0,2,2,272,0,19,0,0,0,0,1,1,0,1,0,1,1,0,0,0,0,3,36,0,0,7,0,0,0,0,0,29,5,0,0,3,0,7,1,6,11,0,3,0,0,4,0,0,0,0,28,0,312,0,0,0,0,2,0,0,1,0,0,0,0,30,0,0,42,0,0,12,12,0,1,0,3,55,0,1,0,380,8,28,2,0,0,0,0,5,0,34,16,0,0,5,0,1,4,0,0,0,0,0,1,0,0,0,2,0,0,0,0,1,0,5,0,1,0,1,3,2,0,1,97,0,1,18,0,2,0,0,2,5,0,4,0,5,0,0,99,3,2,0,25,29,0,0,5,0,0,0,6,0,4,3,0,0,0,0,2,0,0,1,1,0,0,0,0,1,0,3,0,1,479,536,8,18,636,57,5,11,0,1160,590,14,821,929
Robbery Hands_Fists_Feet_etc. Clearances,33,569,0,3,0,2,0,0,1,0,0,0,1,0,2,2,53,0,14,0,0,0,0,1,1,0,1,0,1,0,0,0,0,0,1,10,0,0,6,0,0,0,0,0,10,1,0,0,1,0,6,0,3,9,0,1,0,0,1,0,0,0,0,9,0,71,0,0,0,0,2,0,0,0,0,0,0,0,18,0,0,17,0,0,4,4,0,0,0,3,13,0,1,0,105,6,13,1,0,0,0,0,2,0,8,5,0,0,4,0,0,2,0,0,0,0,0,1,0,0,0,2,0,0,0,0,1,0,2,0,0,0,1,2,1,0,0,28,0,0,11,0,1,0,0,2,5,0,3,0,5,0,0,43,3,2,0,15,6,0,0,4,0,0,0,3,0,3,2,0,0,0,0,1,0,0,1,0,0,0,0,0,0,0,2,0,0,122,185,6,6,214,26,3,7,0,300,269,8,311,258
AgAsslt Firearm Offenses,34,633,0,3,0,1,0,0,0,0,0,0,2,0,0,0,148,0,2,0,0,0,0,0,0,0,0,0,1,0,0,0,0,0,0,1,0,0,3,0,0,0,0,0,2,2,0,0,0,0,1,0,0,0,0,0,0,0,0,1,0,0,0,5,1,183,0,0,0,0,1,0,0,0,0,0,0,0,0,0,0,5,0,0,0,5,0,1,0,0,12,0,0,0,152,0,9,2,0,0,0,0,0,0,20,15,0,0,0,0,1,0,0,0,1,0,0,0,0,0,0,0,0,0,0,1,1,0,0,0,0,0,0,0,0,0,0,6,0,0,8,0,0,0,0,1,0,0,1,0,0,0,0,23,0,4,0,0,1,0,0,1,0,0,0,3,0,0,0,0,0,0,0,0,0,0,0,0,0,0,0,0,0,0,0,0,3,183,204,7,5,200,26,1,7,0,512,121,8,238,395
AgAsslt Firearm Clearances,35,266,0,1,0,1,0,0,0,0,0,0,2,0,0,0,40,0,1,0,0,0,0,0,0,0,0,0,1,0,0,0,0,0,0,0,0,0,1,0,0,0,0,0,3,0,0,0,0,0,1,0,0,0,0,0,0,0,0,1,0,0,0,0,1,97,0,0,0,0,0,0,0,0,0,0,0,0,0,1,0,4,0,0,1,2,0,0,0,0,8,0,0,0,54,0,7,2,0,0,0,0,0,0,7,6,0,0,0,0,1,0,0,0,0,0,0,0,0,0,0,0,0,0,0,1,1,0,0,0,0,0,0,0,0,0,0,4,0,0,4,0,0,0,0,1,0,0,1,0,0,0,0,6,0,4,0,0,0,0,0,0,0,0,0,0,0,0,0,0,0,0,0,0,0,0,0,0,0,0,0,0,0,0,0,0,1,55,113,7,3,69,14,2,3,0,201,65,5,102,164
AgAsslt Knife_Cutting_Instrument Offenses,36,1044,0,2,0,0,0,0,0,0,1,0,5,0,0,0,204,0,5,1,0,1,0,0,0,0,0,0,0,0,0,0,0,0,0,8,0,0,1,0,0,0,0,0,31,3,1,0,0,1,6,0,0,1,0,1,0,0,0,2,3,0,0,13,0,194,0,0,0,0,1,0,0,2,2,0,0,0,10,0,0,23,1,0,8,4,0,3,0,3,22,0,0,1,214,4,45,0,0,0,1,0,1,0,30,11,0,0,0,0,1,3,1,0,0,0,0,0,0,0,0,1,0,0,0,0,0,0,1,0,0,0,0,0,0,0,0,43,0,1,6,0,1,2,0,10,0,0,7,0,1,0,0,58,1,2,0,0,12,0,0,0,0,0,8,3,1,2,0,0,0,1,2,0,0,0,0,0,0,0,0,0,0,0,4,0,2,294,286,24,10,337,75,8,10,0,713,331,22,484,560
AgAsslt Knife_Cutting_Instrument Clearances,37,729,0,0,0,0,0,0,0,0,0,0,3,0,0,0,124,0,3,1,0,1,0,0,0,0,0,0,0,0,0,0,0,0,0,3,0,0,2,0,0,0,0,0,25,2,0,0,0,1,5,0,0,1,0,1,0,0,0,2,3,0,0,10,0,133,0,0,0,0,1,0,0,1,1,0,0,0,15,0,0,20,1,0,7,5,0,2,0,3,10,0,0,1,161,4,32,1,0,0,1,0,1,0,23,8,0,0,0,0,0,3,1,0,0,0,0,0,0,0,0,0,0,0,0,0,0,0,1,0,0,0,0,0,0,0,0,24,0,0,5,0,1,2,0,8,0,0,6,0,1,0,0,30,1,2,0,0,8,0,0,0,0,0,8,1,1,2,0,0,0,0,2,0,0,0,0,0,0,0,0,0,0,0,4,0,0,181,206,22,7,245,54,7,7,0,472,257,15,361,368
AgAsslt Other_Dangerous_Weapon Offenses,38,1805,0,5,1,0,1,2,0,0,0,0,4,0,0,5,261,0,6,6,4,0,0,0,0,0,0,0,3,2,0,0,0,0,0,6,1,2,2,0,1,0,0,2,34,9,1,0,2,1,7,1,2,4,0,9,0,1,3,4,0,0,0,31,0,379,0,0,0,1,2,0,0,3,1,2,0,1,17,0,1,25,0,0,5,7,0,8,0,12,61,0,2,0,321,1,111,9,0,1,2,0,1,1,83,25,0,0,0,0,3,4,3,0,0,5,2,2,0,1,0,0,1,0,2,0,3,2,2,0,1,0,2,3,0,2,3,57,1,0,9,1,1,1,0,8,0,0,6,1,2,0,1,53,10,13,1,7,38,0,0,4,0,0,2,3,2,2,2,0,0,0,0,0,1,1,0,0,0,0,0,0,0,0,4,0,28,433,550,47,42,523,179,11,20,0,1071,734,97,921,884
AgAsslt Other_Dangerous_Weapon Clearances,39,1210,0,2,1,0,0,2,0,0,0,0,4,0,0,5,120,0,3,2,3,0,0,0,0,0,0,0,3,2,0,0,0,0,0,2,1,2,2,0,0,0,0,1,30,2,1,0,3,1,7,1,3,4,0,9,0,1,2,3,1,0,0,19,0,246,0,0,0,1,1,0,0,1,1,0,0,1,19,0,1,24,0,0,2,4,0,4,0,12,43,0,0,0,215,1,91,5,0,1,2,0,1,0,74,18,0,0,0,0,1,4,1,0,0,4,1,2,0,0,0,0,0,0,0,0,2,2,1,0,1,1,1,2,0,3,3,36,1,0,8,0,1,0,0,8,0,0,5,1,1,0,1,27,10,12,1,4,23,0,0,4,1,0,0,1,2,0,1,0,0,0,0,0,1,0,0,0,0,0,0,0,0,0,3,0,19,249,387,32,29,346,143,12,12,0,644,566,67,672,538
AgAsslt Hands_Fists_Feet_etc. Offenses,40,1380,1,2,1,0,0,3,5,2,0,1,15,1,0,8,107,0,7,2,4,1,1,0,0,2,1,0,8,0,0,0,0,5,1,13,1,0,1,0,1,0,2,3,20,1,3,1,2,0,16,2,6,1,1,2,0,2,1,9,4,4,2,196,0,84,0,0,0,0,7,0,0,2,3,2,0,0,5,1,3,18,0,2,13,2,0,9,0,1,38,0,4,1,94,3,58,6,0,0,0,1,2,0,30,35,0,5,1,1,4,18,2,1,9,2,1,17,2,1,0,0,0,0,0,1,2,0,5,0,1,4,4,4,3,0,4,40,0,3,2,1,2,1,4,14,0,0,12,0,1,0,0,27,20,10,3,1,169,0,1,3,1,0,1,5,3,3,2,0,3,1,1,0,1,2,1,3,0,0,0,0,0,0,14,0,37,217,240,42,87,544,166,34,50,0,352,1028,146,826,554
AgAsslt Hands_Fists_Feet_etc. Clearances,41,959,1,1,1,0,0,3,5,2,0,1,5,0,0,7,52,0,6,1,3,1,1,0,0,0,1,0,7,0,0,0,0,2,1,4,1,0,0,0,1,0,1,2,17,1,2,1,1,0,16,2,5,1,1,2,0,2,0,5,5,0,1,105,0,77,0,0,0,0,5,0,0,1,3,2,0,0,6,0,1,17,0,1,11,0,0,6,0,0,28,0,0,1,61,3,45,4,0,0,0,0,1,0,25,19,0,6,1,1,2,43,2,0,6,0,0,16,2,0,0,0,0,0,0,0,3,0,3,0,0,7,2,3,3,0,2,24,0,3,2,1,2,1,3,8,0,0,10,0,1,0,0,15,20,10,3,0,113,0,0,2,0,0,1,5,1,3,0,0,0,1,0,0,0,1,0,3,0,0,0,0,0,0,12,0,18,121,226,33,59,335,123,25,37,0,229,730,88,554,405
Burglary Residence_Night Offenses,42,2639,2,20,3,3,3,4,8,1,0,0,10,0,2,7,181,0,85,8,4,1,1,2,2,1,3,0,13,8,1,3,0,0,13,50,1,2,3,2,0,2,5,7,86,29,7,2,7,6,36,0,53,8,1,15,0,4,20,12,3,3,1,63,3,302,0,2,7,2,16,2,3,13,1,0,1,4,58,10,2,73,0,3,24,26,4,9,0,3,83,3,3,3,300,15,65,5,7,1,2,0,12,3,78,43,3,3,6,3,0,10,6,5,0,6,3,11,2,0,2,4,1,1,3,3,2,3,22,0,6,3,8,23,10,1,8,61,4,19,58,8,1,5,1,6,20,0,18,0,9,0,0,59,5,6,1,62,30,1,7,10,1,7,7,11,4,6,3,0,1,1,7,14,5,0,0,0,0,0,0,0,0,0,15,0,0,588,869,52,76,688,221,64,81,0,903,1736,235,1642,997
Burglary Residence_Night Value_Stolen,43,5156896,21500,16168,4050,850,498,1650,11379,400,0,0,8745,0,8160,2986,267336,0,161030,29635,3560,0,126,2700,1,2635,30636,0,15392,6076,1207,2990,0,0,10157,114053,2,3745,1,1216,0,1385,10171,5541,62895,41382,17186,14383,4681,25743,56471,0,174598,115909,300,49640,0,1607,86617,125730,120,800,2,114190,6540,0,0,4395,27395,11601,7203,723,3060,58495,6660,0,0,75,72955,18964,36301,99454,0,5300,44367,43880,255,34315,0,15401,48169,31662,2221,38393,304632,32987,72915,1,19624,1,900,0,410162,15341,270832,8023,12035,2570,18646,1810,0,9540,1201,8525,0,8094,1276,1556,970,0,41000,12400,31200,150,3635,43820,150,1188,12904,0,19697,47316,15340,32090,40240,899,7179,48338,8071,25128,160255,17650,1,16638,10693,19011,61447,0,10727,0,57230,0,0,57782,58600,16145,300,219025,238896,23250,121856,15638,210,109351,4051,8130,7870,3938,3990,0,0,200,7560,8210,3169,0,0,0,0,0,0,0,0,0,46668,0,0,1589619,1039213,132854,99484,1482057,507955,175886,129828,0,678088,4478808,752917,4045700,1111196
Arson Mobile Offenses,95,73,0,0,0,0,0,0,0,0,0,0,1,0,0,1,21,0,1,0,0,0,0,0,0,0,0,0,0,1,0,0,0,0,0,0,0,0,0,0,0,0,0,0,0,1,0,0,1,0,0,0,0,0,0,0,0,0,1,0,0,0,0,0,0,17,0,0,0,0,0,0,0,1,0,0,0,0,0,0,1,1,0,0,0,0,0,0,0,0,1,0,1,0,4,0,0,0,0,0,0,0,0,0,0,1,0,0,0,0,2,1,3,0,0,0,0,0,0,0,0,0,0,0,0,0,0,0,0,0,0,0,0,1,0,0,0,2,0,0,2,0,0,2,0,0,0,0,0,0,0,0,0,0,0,0,0,0,0,0,0,0,0,0,0,0,0,0,0,0,0,0,0,0,0,0,0,0,0,0,0,0,0,0,0,0,5,27,24,3,5,7,3,0,4,0,44,29,11,31,42
Burglary Residence_Day Offenses,44,5160,2,21,5,5,2,5,16,3,0,1,14,7,3,26,453,0,177,7,12,4,3,16,9,2,8,2,27,10,4,7,3,8,0,84,6,1,2,8,5,6,20,9,162,52,43,0,22,12,40,1,82,9,2,29,1,15,33,8,2,16,9,102,3,476,2,6,6,5,27,3,15,21,9,9,6,8,100,33,8,156,4,3,39,53,12,29,2,4,169,8,7,4,477,33,97,4,9,4,6,1,18,10,99,140,17,2,2,11,4,8,10,6,2,8,6,8,9,1,4,9,4,10,10,5,7,3,35,0,13,5,15,53,21,6,8,149,5,33,126,13,5,22,16,19,52,0,28,6,39,1,2,148,30,17,6,80,63,3,7,21,4,14,16,33,24,11,0,3,9,6,11,24,2,0,0,0,0,0,0,0,0,0,40,0,2,1191,1525,142,134,1288,545,138,197,0,1703,3457,648,3165,1995
Burglary Residence_Day Value_Stolen,45,9952789,200,24577,15830,8342,5650,5048,16443,635,0,0,10924,15161,16700,130712,727304,0,409363,12273,26751,12790,960,35560,34698,22420,35534,2014,43045,41072,7012,11366,2620,11608,0,207147,41468,1100,502,17095,10473,15570,37371,12271,226078,72985,151066,0,53136,125524,68731,3500,209477,41202,4275,233525,1800,29940,313470,7830,625,12308,11309,120706,2127,0,1485,2855,36102,7280,63363,12935,35250,56126,18845,28043,108794,2945,149645,85422,39868,360874,14424,4082,58668,83044,21190,67336,15000,2368,204830,180743,25805,12310,574274,33716,100470,2441,17757,4273,14343,16710,43809,5706,168123,50330,34203,8568,3641,25678,683,17089,34670,20150,100,26838,9519,2800,6989,7500,8510,23648,12125,23855,49116,262,31824,790,92516,0,128547,44226,19455,100589,18709,10700,31891,341988,7259,55637,262117,53798,10580,30199,55410,63761,127858,0,53691,3190,72136,1550,43670,441163,40672,21660,87370,217078,101316,35647,29438,53753,14298,28184,54378,82661,33350,15216,0,17923,127410,6305,20886,26013,330,0,0,0,0,0,0,0,0,0,68896,0,0,2858515,2218713,405559,299428,2375166,928416,485229,381763,0,2084729,7868060,1877703,7426822,2525967
Burglary Residence_Unknown Offenses,46,1660,0,0,0,0,0,0,0,0,24,0,0,0,0,0,346,0,0,0,0,0,0,0,0,0,0,0,0,0,0,0,0,18,0,0,3,0,23,0,0,0,0,13,0,0,0,12,0,0,30,0,0,0,0,0,0,0,0,0,0,0,0,0,0,0,0,0,0,0,0,0,0,0,0,0,0,0,0,0,0,21,4,0,0,5,0,0,0,73,287,0,0,0,132,0,0,0,0,0,0,0,0,0,0,77,0,0,0,0,0,22,27,0,1,0,0,0,0,10,0,12,0,0,0,0,5,0,0,0,0,0,0,20,0,0,0,45,0,0,13,0,25,0,0,41,0,0,0,0,0,0,0,243,13,25,0,0,0,7,12,0,0,0,4,0,0,12,21,33,0,0,0,1,0,0,0,0,0,0,0,0,0,0,0,0,0,472,404,122,14,540,90,18,0,0,766,894,0,615,1045
Burglary Residence_Unknown Value_Stolen,47,3290448,0,0,0,0,0,0,0,0,38466,0,0,0,0,0,803360,0,0,0,0,0,0,0,0,0,0,0,0,0,0,0,0,39493,0,0,4770,0,36022,0,0,0,0,34761,0,0,0,43999,0,0,94737,0,0,0,0,0,0,0,0,0,0,0,0,0,0,0,0,0,0,0,0,0,0,0,0,0,0,0,0,0,0,77595,10351,0,0,1570,0,0,0,128489,366684,0,0,0,225849,0,0,0,0,0,0,0,0,0,0,7775,0,0,0,0,0,15710,27910,0,1280,0,0,0,0,38560,0,70476,0,0,0,0,2742,0,0,0,0,0,0,13888,0,0,0,244398,0,0,2611,0,43036,0,0,55758,0,0,0,0,0,0,0,429742,70618,51226,0,0,0,36592,119263,0,0,0,13785,0,0,9950,47062,81767,0,0,0,153,0,0,0,0,0,0,0,0,0,0,0,0,0,1332019,618507,191715,36041,994280,78393,39493,0,0,1703349,1587099,0,1421366,1869082
Burglary Non-residence_Night Offenses,48,1328,2,12,0,5,2,0,10,1,0,0,18,1,0,10,150,0,13,1,1,2,1,0,2,2,9,0,3,3,0,1,0,1,3,34,0,0,3,70,0,1,4,0,21,8,7,0,3,1,29,0,18,7,1,6,0,1,3,4,1,7,1,18,0,179,0,1,1,0,4,0,0,2,0,0,0,0,16,4,0,29,0,1,4,17,4,2,0,0,26,0,0,0,83,5,30,0,5,0,4,1,8,2,16,6,0,2,4,3,1,11,1,0,5,0,3,0,0,1,0,0,0,0,1,0,4,0,24,0,1,1,2,4,5,0,2,46,1,14,18,1,1,1,2,2,3,1,8,0,6,0,1,66,9,5,1,17,35,0,3,7,0,0,1,4,4,3,3,1,3,1,1,1,9,0,0,1,1,6,0,0,2,1,10,0,2,327,398,18,96,339,91,34,25,0,524,804,150,706,622
Burglary Non-residence_Night Value_Stolen,49,1410115,100,1492,0,39678,852,0,12998,120,0,0,24061,758,0,9771,260984,0,14150,100,2110,2,500,0,1302,905,5660,0,1071,13172,0,1300,0,1440,5700,23371,0,0,102,10127,0,0,0,0,9558,21910,441,0,3021,30,58337,0,36824,3847,1341,3681,0,0,925,3045,10,587,4022,6983,0,0,0,0,5000,0,11600,0,0,18000,0,0,0,0,5820,3737,0,47784,0,5030,961,35178,3083,2290,0,0,11803,0,0,0,124757,200,9059,0,4217,0,728,315,4997,750,57766,1210,0,2500,1345,0,12,8541,1109,0,5130,0,508,0,0,175,0,0,0,0,13254,0,5837,0,21654,0,0,0,1140,1964,400,0,804,25637,0,2562,110203,0,1,175,1088,2000,21287,200,4408,0,12718,0,500,75912,11006,2960,850,31131,53909,0,708,5602,0,0,60,390,4548,3622,0,45,1268,3150,651,270,7067,0,0,100,0,354,0,0,801,250,12865,0,6771,567034,239968,24701,42162,413822,75751,25932,20745,0,487290,922825,119186,820579,589536
Burglary Non-residence_Day Offenses,50,1697,1,6,4,7,2,1,8,0,0,2,9,5,1,12,17,0,35,0,7,3,5,2,3,0,7,0,15,14,0,1,0,0,0,53,0,0,2,0,3,8,4,7,57,7,11,0,16,4,1,3,20,23,5,17,1,0,22,4,0,2,2,52,1,24,0,5,1,1,10,0,4,5,1,6,0,4,47,8,2,97,1,1,20,43,6,13,0,92,9,1,1,2,73,25,44,0,2,3,3,0,13,3,52,30,6,4,13,5,1,6,0,0,1,4,2,10,0,0,1,0,1,1,3,0,28,1,30,1,4,4,9,23,25,2,1,35,1,26,33,4,1,4,4,5,9,0,10,0,23,0,2,12,13,13,1,17,50,0,11,6,0,5,8,10,2,9,0,0,1,1,1,6,10,0,1,0,2,5,0,6,0,0,10,0,10,305,390,62,68,564,198,49,61,0,161,1536,227,1249,448
Burglary Non-residence_Day Value_Stolen,51,3883145,15,81341,8171,28574,2500,1,8901,0,0,610,6466,1600,485,47166,53702,0,76577,0,20379,525,1091,8800,3675,0,38073,0,29710,61609,0,9200,0,0,0,178453,0,0,4863,0,416,6708,25600,16751,68600,10416,14833,0,23908,13956,200,2300,92231,50055,4949,38465,670,0,149957,3402,0,1219,649,75226,435,0,0,5516,800,100,56668,0,11630,4378,70,8745,0,3802,71787,3515,172,75196,1200,12150,37798,50784,3690,31496,0,2,978,1170,5019,400,124769,92367,42280,0,115,1041,1300,0,8805,4000,859111,1523,13894,23383,36843,5166,300,2201,0,0,0,1600,14420,20859,0,0,1500,0,3000,75,420,0,2954,1202,15409,0,3759,13049,8268,188647,19812,595,60,42226,0,57947,78655,4555,400,17505,2399,11400,22183,0,3603,0,58657,0,6449,5410,89466,18788,25,21794,30500,0,21826,1874,0,34100,5700,10926,21400,8038,0,0,0,0,23139,4925,8277,0,500,0,550,1612,0,8600,0,0,46153,0,40337,1567947,729188,68032,188703,691306,390885,56474,190610,0,226107,3657038,508107,3294088,589057
Burglary Non-residence_Unknown Offenses,52,421,0,0,0,0,0,0,0,0,7,0,0,0,0,0,44,0,0,0,0,0,0,0,0,0,0,0,0,0,0,0,0,12,0,0,3,0,16,0,0,0,0,7,0,0,0,1,0,0,6,0,0,0,0,0,0,0,0,0,0,0,0,0,0,0,0,0,0,0,0,0,0,0,0,0,0,0,0,0,0,9,1,0,0,4,0,0,0,28,36,0,0,0,25,0,0,0,0,0,0,0,0,0,0,10,0,0,0,0,0,19,8,0,0,0,0,0,0,1,0,2,0,0,0,0,23,0,0,0,0,0,0,17,0,0,0,18,0,0,3,0,13,0,0,21,0,0,0,0,0,0,0,38,4,1,0,0,0,2,7,0,0,0,0,0,0,7,15,6,0,0,0,7,0,0,0,0,0,0,0,0,0,0,0,0,0,86,102,43,7,157,14,12,0,0,125,296,0,246,175
Burglary Non-residence_Unknown Value_Stolen,53,733278,0,0,0,0,0,0,0,0,4345,0,0,0,0,0,114814,0,0,0,0,0,0,0,0,0,0,0,0,0,0,0,0,2805,0,0,0,0,10240,0,0,0,0,3153,0,0,0,0,0,0,19427,0,0,0,0,0,0,0,0,0,0,0,0,0,0,0,0,0,0,0,0,0,0,0,0,0,0,0,0,0,0,5257,1,0,0,18800,0,0,0,20322,50308,0,0,0,61611,0,0,0,0,0,0,0,0,0,0,0,0,0,0,0,0,44402,14860,0,0,0,0,0,0,1,0,2300,0,0,0,0,101,0,0,0,0,0,0,50646,0,0,0,25465,0,0,101,0,10401,0,0,4486,0,0,0,0,0,0,0,125846,65984,240,0,0,0,4578,7200,0,0,0,0,0,0,6572,3024,53105,0,0,0,2883,0,0,0,0,0,0,0,0,0,0,0,0,0,156504,176679,29987,3153,298166,65984,2805,0,0,327736,405542,0,349241,384037
Burglary Forcible_Entry Offenses,54,7475,6,38,9,12,7,5,22,2,17,0,24,10,5,33,666,0,134,11,15,4,5,14,4,2,16,0,16,22,4,8,0,20,10,103,1,0,28,6,8,9,18,20,192,64,32,8,23,16,85,4,87,24,3,45,1,9,36,9,3,11,9,151,4,847,1,6,6,1,35,3,12,20,6,11,5,4,66,32,9,237,5,3,46,71,11,33,0,152,345,9,1,3,808,35,141,4,10,4,9,2,30,13,144,117,7,8,17,9,3,35,26,8,3,9,9,17,7,5,5,18,0,8,9,8,36,5,71,1,12,8,13,53,21,3,5,155,9,48,154,9,20,22,10,47,49,1,25,2,38,1,2,532,18,29,5,74,96,5,14,12,3,12,18,26,17,8,19,27,6,2,13,2,9,0,0,1,0,4,0,0,0,1,36,0,8,1576,2152,207,159,2449,552,159,221,0,3008,4467,647,4184,3291
Burglary Forcible_Entry Clearances,55,1061,0,11,3,0,1,0,6,0,7,0,4,1,2,15,35,0,24,2,5,1,3,3,2,0,3,0,2,7,3,1,1,3,1,11,1,0,4,3,0,1,2,0,28,8,4,0,1,2,13,1,13,3,0,12,1,4,3,3,0,2,4,17,0,72,0,1,1,0,7,1,1,4,1,1,1,0,17,5,2,30,1,1,13,12,3,3,0,12,38,0,0,1,118,6,26,2,1,1,5,0,6,1,22,34,1,4,4,0,0,8,4,1,0,0,1,5,0,0,2,1,0,0,2,2,1,0,8,0,3,0,3,1,4,0,5,14,1,12,21,0,4,5,2,16,11,0,11,1,10,0,0,74,1,6,1,11,10,1,3,2,0,3,3,7,0,2,6,6,2,0,2,0,1,0,0,1,0,0,0,0,0,0,8,0,6,162,272,50,39,355,110,32,41,0,313,748,117,693,368
Burglary Unlawful_Entry-No_Force Offenses,56,4300,1,18,3,6,1,5,16,2,13,2,20,2,1,22,424,0,155,5,9,4,5,6,9,2,9,2,32,13,1,4,3,16,5,92,10,3,14,73,0,7,14,19,112,20,34,4,25,7,49,0,62,22,6,16,1,8,38,18,2,6,4,52,3,0,1,8,9,7,20,2,10,18,5,4,2,4,154,22,3,111,4,5,41,55,8,20,2,44,206,2,10,6,151,43,76,4,13,4,5,0,13,5,61,173,17,3,8,11,3,25,14,3,5,9,5,7,4,6,1,5,6,4,8,0,11,2,27,0,11,4,21,80,39,6,14,138,2,39,75,14,18,10,13,33,34,0,35,4,39,0,3,28,52,28,4,91,66,8,27,32,2,13,17,28,17,40,14,10,5,7,7,49,16,0,1,0,2,6,0,6,2,0,32,0,6,1077,1209,184,218,790,547,145,130,0,741,3559,589,2770,1530
Burglary Unlawful_Entry-No_Force Clearances,57,792,1,4,1,1,0,1,6,2,6,0,2,0,0,7,26,0,14,1,4,0,4,1,1,0,1,1,11,3,1,1,0,4,1,7,4,2,6,3,0,1,10,5,14,3,9,1,5,3,6,0,8,7,5,1,0,6,6,4,2,2,2,9,0,0,1,1,1,2,2,1,1,3,4,1,0,2,40,4,2,25,2,1,7,9,0,2,0,10,13,0,2,2,18,16,10,1,0,4,2,0,3,0,10,46,1,2,1,7,2,6,2,0,1,0,1,0,0,0,0,0,0,2,4,0,6,0,3,0,1,1,0,14,12,1,8,35,0,10,8,2,2,5,3,10,10,1,9,1,4,0,2,31,12,4,1,11,5,1,5,5,0,1,3,10,1,9,2,1,1,1,1,9,0,0,0,0,2,0,0,2,1,0,10,0,2,136,200,44,50,173,126,36,27,0,110,682,136,538,254
Arson Mobile Clearances,96,11,0,0,0,0,0,0,0,0,0,0,0,0,0,0,2,0,1,0,0,0,0,0,0,0,0,0,0,0,0,0,0,0,0,0,0,0,0,0,0,0,0,0,0,1,0,0,0,0,0,0,0,0,0,0,0,0,0,0,0,0,0,0,0,1,0,0,0,0,0,0,0,0,0,0,0,0,0,0,0,0,0,0,0,0,0,0,0,0,0,0,0,0,0,0,0,0,0,0,0,0,0,0,0,1,0,0,0,0,0,1,1,0,0,0,0,0,0,0,0,0,0,0,0,0,0,0,0,0,0,0,0,0,0,0,0,1,0,0,0,0,0,1,0,0,0,0,0,0,0,0,0,0,0,0,0,0,0,0,0,0,0,0,0,0,0,0,0,0,0,0,0,0,0,0,0,0,0,0,0,0,0,0,0,0,1,3,3,1,1,1,1,0,1,0,4,7,2,6,5
Burglary Attempted_Forcible_Entry Offenses,58,1130,0,3,0,2,1,0,4,1,1,1,7,1,0,0,101,0,21,0,0,2,0,0,3,1,2,0,10,0,0,0,0,3,1,26,2,0,7,1,0,1,1,4,22,12,2,3,0,0,8,0,24,1,0,6,0,3,4,1,1,11,0,32,0,134,0,0,0,0,2,0,0,3,0,0,0,8,1,1,0,37,1,0,0,22,7,0,0,4,59,1,0,0,131,0,19,1,0,0,1,0,8,0,40,16,2,0,0,2,0,16,12,0,1,0,0,5,0,2,1,4,0,0,0,0,22,0,13,0,1,1,0,7,1,0,0,61,0,5,22,3,8,0,0,14,1,0,4,0,0,0,0,6,4,10,0,11,16,0,6,0,0,1,1,4,0,0,9,6,3,0,0,2,1,0,0,0,1,1,0,0,0,0,7,0,0,316,327,48,18,337,60,11,13,0,433,697,24,669,461
Burglary Attempted_Forcible_Entry Clearances,59,140,0,3,0,0,0,0,0,0,0,0,3,1,0,0,5,0,3,0,0,0,0,0,0,0,2,0,2,0,0,0,0,0,1,1,0,0,1,0,0,0,0,1,2,1,0,0,0,0,0,0,3,1,0,0,0,0,2,0,0,0,0,2,0,12,0,0,0,0,1,0,0,0,0,0,0,1,0,0,0,3,0,0,0,2,0,0,0,0,5,0,0,0,19,0,5,0,0,0,0,0,1,0,1,1,1,0,0,1,0,1,0,0,0,0,0,2,0,1,0,0,0,0,0,0,0,0,1,0,0,2,0,2,0,0,0,4,0,1,4,1,1,0,0,4,1,0,3,0,0,0,0,8,1,0,0,1,8,0,1,0,0,1,0,1,0,0,1,1,1,0,0,0,0,0,0,0,1,0,0,0,0,0,0,0,0,25,33,5,4,54,9,6,4,0,48,92,6,94,46
Larceny Pocket-picking Offenses,60,254,0,0,0,0,0,0,0,0,0,0,0,0,0,0,17,0,0,0,0,0,0,0,0,0,0,0,0,0,0,0,0,0,2,1,0,0,0,0,0,0,0,0,2,0,0,0,0,0,2,0,0,3,0,1,0,0,0,0,0,0,0,2,0,140,0,0,0,0,0,0,0,0,0,0,0,1,6,0,0,1,0,0,3,0,0,0,0,1,0,0,0,0,31,0,3,0,0,0,0,0,0,0,7,0,0,0,1,0,0,1,0,0,0,0,0,0,0,0,0,0,0,0,0,0,0,0,0,0,0,0,0,0,0,0,0,4,0,0,1,0,0,0,0,3,2,0,0,0,0,0,0,10,0,1,0,0,2,0,1,1,0,0,2,0,0,1,0,0,0,0,0,1,0,0,0,0,0,0,0,0,0,0,0,0,0,33,157,6,5,50,3,0,0,0,202,52,0,73,181
Larceny Pocket-picking Value_Stolen,61,56195,0,0,0,0,0,0,0,0,0,0,0,0,0,0,3656,0,0,0,0,0,0,0,0,0,0,0,0,0,0,0,0,0,1118,495,0,0,0,0,0,0,0,0,602,0,0,0,0,0,260,0,0,1116,0,363,0,0,0,0,0,0,0,270,0,0,0,0,0,0,0,0,0,0,0,0,0,1,1699,0,0,0,0,0,935,0,0,0,0,600,0,0,0,0,10431,0,2360,0,0,0,0,0,0,0,2705,0,0,0,45,0,0,704,0,0,0,0,0,0,0,0,0,0,0,0,0,0,0,0,0,0,0,0,0,0,0,0,0,310,0,0,1,0,0,0,0,700,585,0,0,0,0,0,0,1861,0,24,0,0,881,0,13450,90,0,0,89,0,0,10544,0,0,0,0,0,300,0,0,0,0,0,0,0,0,0,0,0,0,0,21202,15378,813,2053,14389,2360,0,0,0,16258,39937,0,46339,9856
Larceny Purse-snatching Offenses,62,145,0,0,0,0,0,0,0,0,0,0,0,0,0,0,8,0,1,0,0,0,0,0,0,0,0,0,0,0,0,0,0,0,4,1,0,0,0,0,0,0,0,0,4,0,1,0,0,0,3,1,0,2,0,0,0,0,0,0,0,1,0,6,0,17,0,0,0,0,0,0,0,0,0,0,0,0,2,0,0,1,0,0,3,3,0,0,0,0,3,0,0,0,24,0,4,0,0,0,0,0,0,0,4,2,0,4,1,0,0,5,0,0,0,0,0,0,0,0,0,1,0,0,0,0,0,0,1,0,0,0,0,0,0,0,0,5,0,0,2,0,0,0,0,1,3,0,0,0,0,0,0,17,2,2,0,0,4,0,0,0,0,0,0,0,0,0,0,1,0,0,0,0,0,0,0,1,0,0,0,0,0,0,0,0,0,25,38,3,12,58,9,0,0,0,71,74,2,76,69
Larceny Purse-snatching Value_Stolen,63,82571,0,0,0,0,0,0,0,0,0,0,0,0,0,0,3463,0,31,0,0,0,0,0,0,0,0,0,0,0,0,0,0,0,802,725,0,0,0,0,0,0,0,0,1020,0,100,0,0,0,830,50,0,300,0,0,0,0,0,0,0,109,0,2010,0,0,0,0,0,0,0,0,0,0,0,0,0,0,1080,0,0,1100,0,0,1413,780,0,0,0,0,12881,0,0,0,5916,0,1895,0,0,0,0,0,0,0,2161,390,0,1145,40,0,0,628,0,0,0,0,0,0,0,0,0,15,0,0,0,0,0,0,130,0,0,0,0,0,0,0,0,2180,0,0,350,0,0,0,0,250,3112,0,0,0,0,0,0,4972,29000,600,0,0,2818,0,0,0,0,0,0,0,0,0,0,35,0,0,0,0,0,0,0,240,0,0,0,0,0,0,0,0,0,12361,16785,850,3410,17780,31385,0,0,0,16531,66040,150,52540,30031
Larceny Shoplifting Offenses,64,10994,0,88,0,36,0,0,46,0,36,0,112,0,0,155,308,0,192,20,0,1,0,0,21,0,22,0,72,4,0,0,0,3,109,203,9,3,48,0,0,0,0,9,167,128,17,0,51,3,169,0,237,344,0,63,0,3,14,0,0,39,1,226,0,550,0,0,0,0,14,0,2,2,67,1,0,9,471,47,0,200,2,1,106,434,0,4,0,99,263,3,2,0,561,179,72,44,5,0,29,3,43,1,286,210,0,12,108,0,1,72,16,0,3,0,1,26,7,0,6,120,0,0,0,0,22,0,26,0,9,2,10,174,107,0,4,225,0,32,238,2,10,0,9,159,260,0,34,0,145,0,0,949,265,62,4,453,233,0,34,106,1,13,19,44,18,79,4,6,0,0,0,1,51,5,4,0,0,0,0,4,2,0,127,0,1,1929,3794,314,321,3560,812,154,110,0,2593,8401,239,6483,4511
Larceny Shoplifting Value_Stolen,65,2990903,0,12049,0,24087,0,0,7253,0,7819,0,15539,0,0,44861,27811,0,26443,2527,0,40,0,0,6475,0,4656,0,47466,1545,0,0,0,1361,23970,60889,1212,94,8257,0,0,0,0,1670,26897,18354,1502,0,9128,538,63954,0,58740,179040,0,22173,0,5008,18040,0,0,5882,1,45714,0,0,0,0,0,0,2528,0,1319,22,23295,110,0,3217,128574,6553,0,70771,106,21,12907,100640,0,157,0,26535,41609,2030,374,0,70651,53018,5647,7812,1423,0,4807,43,15380,97,236372,27172,0,2548,41367,0,0,20030,804,0,31,0,30,805,1349,0,2988,23455,0,0,0,0,9003,0,8412,0,1218,51,3035,29532,30790,0,320,85944,0,5104,122602,663,504,0,845,27661,106109,0,47748,0,26637,0,0,197251,83720,11554,7655,128572,93697,0,36726,26631,77,6909,2131,6681,3670,122935,413,266,0,0,0,20,4417,618,4159,0,0,0,0,21,369,0,28612,0,29,786948,993477,50619,96392,803555,182969,61910,15033,0,381657,2609246,60077,2045309,945594
"Murder Relationship Ex-spouse, Male",157,,,,,,,,,,,,,,,,,,,,,,,,,,,,,,,,,,,,,,,,,,,,,,,,,,,,,,,,,,,,,,,,,,,,,,,,,,,,,,,,,,,,,,,,,,,,,,,,,,,,,,,,,,,,,,,,,,,,,,,,,,,,,,,,,,,,,,,,,,,,,,,,,,,,,,,,,,,,,,,,,,,,,,,,,,,,,,,,,,,,,,,,,,,,,,,,,,,,,,,,
"Murder Relationship Employee, Female",158,,,,,,,,,,,,,,,,,,,,,,,,,,,,,,,,,,,,,,,,,,,,,,,,,,,,,,,,,,,,,,,,,,,,,,,,,,,,,,,,,,,,,,,,,,,,,,,,,,,,,,,,,,,,,,,,,,,,,,,,,,,,,,,,,,,,,,,,,,,,,,,,,,,,,,,,,,,,,,,,,,,,,,,,,,,,,,,,,,,,,,,,,,,,,,,,,,,,,,,,
"Murder Relationship Employee, Male",159,,,,,,,,,,,,,,,,,,,,,,,,,,,,,,,,,,,,,,,,,,,,,,,,,,,,,,,,,,,,,,,,,,,,,,,,,,,,,,,,,,,,,,,,,,,,,,,,,,,,,,,,,,,,,,,,,,,,,,,,,,,,,,,,,,,,,,,,,,,,,,,,,,,,,,,,,,,,,,,,,,,,,,,,,,,,,,,,,,,,,,,,,,,,,,,,,,,,,,,,
Larceny From_Motor_Vehicles Offenses,66,10874,0,40,2,15,0,6,42,5,17,1,32,0,0,103,698,0,268,33,3,1,0,0,7,1,33,1,24,0,0,1,1,30,23,154,33,0,71,3,1,3,1,16,265,162,7,2,51,2,170,2,261,45,0,28,0,19,56,8,45,25,1,197,0,1151,0,2,5,1,8,0,2,2,1,4,0,19,198,12,0,161,19,1,102,216,23,0,0,63,347,15,0,5,1192,113,76,62,13,1,18,4,87,1,459,94,1,12,63,4,25,40,40,4,8,1,13,21,0,4,16,44,0,3,1,0,64,0,91,0,29,1,6,133,42,0,6,277,2,65,299,21,4,1,2,174,38,0,26,3,44,0,0,531,42,78,3,211,233,4,35,77,5,21,59,80,0,35,34,122,15,1,1,14,13,2,0,5,4,25,0,2,6,0,75,0,21,2556,3425,438,218,3532,428,103,174,0,3849,7025,180,6630,4244
Larceny From_Motor_Vehicles Value_Stolen,67,5311327,0,8082,85,3765,0,4138,108273,1634,5400,230,4935,0,0,91518,417271,0,131457,15841,1404,200,0,0,2107,380,20950,1825,7044,0,0,430,1310,11519,30977,114237,10946,0,18660,783,0,7605,250,3816,82981,65306,3215,700,26395,770,94579,520,92857,30648,0,16950,0,10499,35078,3462,32518,2087,600,60371,0,0,0,260,8686,525,1900,0,473,700,3767,7044,0,14963,97483,4299,0,99141,19039,450,50681,118566,12037,0,0,21751,138684,38597,0,4235,846305,30811,29665,35922,3581,1000,10375,2780,53649,1,173560,18699,44,15650,21105,2848,11658,14689,16960,2435,5095,0,13925,4325,0,3395,5540,18990,0,2780,1,0,23383,0,54343,0,12599,0,3338,33523,31040,0,7864,206448,74300,49232,134221,21058,72,600,1280,45516,36043,0,197326,1405,20027,0,0,234966,23846,25743,6321,75500,94786,1231,30476,63514,3050,22501,14683,20848,0,27894,14898,43062,13763,85,2796,6139,2583,2830,0,696,695,4363,0,626,439,0,27135,0,16563,1415625,1101772,156366,140575,1934316,199772,237807,125094,0,1704990,3606337,207426,3773368,1537959
Larceny MV_Parts_&_Accessories Offenses,68,4548,0,24,0,1,1,2,8,1,5,0,14,0,2,22,556,0,40,5,5,1,0,0,5,0,22,0,6,0,0,5,0,6,10,64,3,0,18,0,1,3,0,8,190,25,4,0,19,1,26,1,93,17,0,36,1,3,5,2,4,1,0,65,0,559,0,0,0,0,1,0,1,4,0,8,0,1,58,4,2,124,2,0,57,40,6,1,0,48,224,2,0,0,485,32,62,20,2,0,6,0,25,0,67,50,3,3,4,3,12,3,5,1,0,0,11,5,1,1,2,6,0,0,0,1,9,0,15,0,3,0,2,39,14,0,4,233,0,15,87,5,3,0,1,12,1,0,12,0,32,0,0,322,12,39,4,97,120,0,6,26,2,3,6,3,2,18,11,16,8,2,0,2,6,0,1,0,0,1,0,2,0,0,13,0,56,1158,1460,97,145,1440,174,41,33,0,2155,2393,145,2347,2201
Larceny MV_Parts_&_Accessories Value_Stolen,69,3049906,0,4609,0,3373,450,1400,12162,140,2323,0,3979,0,825,13395,88619,0,13626,4042,13984,1,0,0,84183,0,31872,0,447,0,0,5588,0,3339,1837,49399,305,0,2687,0,2000,10171,0,57,92427,21412,2480,0,6065,2831,63546,300,94138,16948,0,30293,3000,951,430862,3340,180,908,0,46752,0,0,0,0,0,0,2200,0,1200,6710,0,11431,0,2,22620,3236,2270,39925,101,0,43541,42599,2407,250,0,25901,40057,2680,0,0,111900,20050,30504,8614,3225,0,20610,0,73206,0,5947,35507,13,275,1026,2648,8958,1820,9952,11340,0,0,8275,308,375,70,4810,5824,0,0,0,2000,10388,0,22244,0,10361,0,2,27807,9223,0,2498,57326,0,21613,38645,7459,1002,0,1180,24638,1000,0,151350,0,37023,0,0,154350,7958,56114,13725,26360,25597,0,12600,12314,1000,1754,7166,800,401200,26628,9669,11544,8597,276,0,340,810,0,1,0,0,25,0,170,0,0,7379,0,54137,822566,560187,122643,114319,697209,117960,171832,443190,0,412195,2637711,572477,2449522,600384
Larceny Bicycles Offenses,70,1502,0,18,1,0,1,3,1,0,2,0,15,2,0,6,96,0,20,4,0,0,0,0,0,0,0,0,8,1,0,0,0,0,2,3,2,0,6,0,0,0,0,2,42,17,0,0,1,0,1,0,46,3,0,1,0,1,25,1,8,1,0,58,1,78,0,0,0,0,0,0,0,2,0,0,0,0,49,1,0,18,0,0,37,20,1,0,0,8,43,3,0,0,230,7,27,0,0,0,1,0,3,1,26,21,0,3,1,0,2,8,1,0,0,0,0,5,0,0,1,0,0,0,2,0,4,0,4,0,1,0,0,2,0,0,0,23,0,8,77,0,6,0,0,18,4,0,2,0,0,0,0,44,1,5,0,45,65,0,4,17,0,0,5,17,1,25,9,2,3,1,0,62,10,0,0,12,0,12,0,0,1,0,13,1,0,333,369,39,52,571,84,15,39,0,471,1031,18,973,529
Larceny Bicycles Value_Stolen,71,477966,0,3850,100,0,1067,1075,300,0,2079,0,2403,3050,0,1362,18341,0,11115,1750,0,0,0,0,0,0,0,0,1731,149,0,0,0,0,440,575,700,0,940,0,0,0,0,251,8187,4088,0,0,100,0,350,0,20645,1450,0,402,0,1100,26182,500,2505,700,0,28867,950,0,0,0,0,0,0,0,0,600,0,0,0,0,19632,900,0,3188,0,0,11030,5628,550,0,0,2900,23572,1800,0,0,63183,1935,9720,0,0,0,1,0,675,600,7400,4503,0,1100,50,0,129,1244,617,0,0,0,0,511,0,0,1850,0,0,0,6610,0,2180,0,1520,0,550,0,0,208,0,0,0,10108,0,2959,16370,0,1974,0,0,3902,1230,0,520,0,0,0,0,8829,300,870,0,13327,41894,0,1126,7090,0,0,2050,4829,200,6550,2150,400,1150,300,0,13868,4784,0,0,3100,0,1222,0,0,200,0,3474,1500,0,115326,101665,17390,14552,185028,26810,9254,7941,0,100461,377505,16101,329107,148859
Larceny From_Buildings Offenses,72,10029,0,63,1,46,0,0,38,1,16,1,33,2,0,87,211,0,147,8,1,0,1,2,3,2,17,0,0,2,2,1,1,20,79,363,3,0,71,1,0,3,1,3,179,139,9,4,32,6,135,1,162,77,1,24,1,20,81,1,54,39,0,42,2,765,0,2,2,0,5,4,1,9,3,4,0,25,146,5,4,136,11,0,207,61,6,12,1,34,361,33,2,7,1172,88,96,91,27,4,25,5,98,3,427,120,2,0,77,6,44,44,30,1,6,3,2,22,2,12,29,48,0,1,0,1,28,0,104,0,26,1,7,154,43,1,4,378,1,28,127,23,16,1,2,151,45,1,22,0,34,0,0,1054,25,93,1,206,108,11,43,61,1,23,31,44,2,68,60,4,33,4,0,125,63,4,1,4,10,50,0,16,29,1,72,1,13,2135,2845,445,316,3528,449,130,181,0,3580,6449,178,6171,3858
"Murder Relationship Employer, Female",160,,,,,,,,,,,,,,,,,,,,,,,,,,,,,,,,,,,,,,,,,,,,,,,,,,,,,,,,,,,,,,,,,,,,,,,,,,,,,,,,,,,,,,,,,,,,,,,,,,,,,,,,,,,,,,,,,,,,,,,,,,,,,,,,,,,,,,,,,,,,,,,,,,,,,,,,,,,,,,,,,,,,,,,,,,,,,,,,,,,,,,,,,,,,,,,,,,,,,,,,
"Murder Relationship Employer, Male",161,,,,,,,,,,,,,,,,,,,,,,,,,,,,,,,,,,,,,,,,,,,,,,,,,,,,,,,,,,,,,,,,,,,,,,,,,,,,,,,,,,,,,,,,,,,,,,,,,,,,,,,,,,,,,,,,,,,,,,,,,,,,,,,,,,,,,,,,,,,,,,,,,,,,,,,,,,,,,,,,,,,,,,,,,,,,,,,,,,,,,,,,,,,,,,,,,,,,,,,,
Larceny From_Buildings Value_Stolen,73,15357280,0,133606,600,208874,0,0,56299,179,9805,100,152565,1205,0,173362,74488,0,149778,7084,250,0,3600,6050,2755,1375,23662,0,0,860,5071,678,500,19858,107015,970105,57502,0,35402,1150,0,1440,150,207,116640,185765,15519,2110,23527,324830,235780,15324,689528,136348,550,62673,2000,13360,795076,6000,38906,67130,0,34762,5691,0,0,349,13903,0,10950,6975,400,10837,2660,20695,0,177411,75545,5140,2070,180547,83644,0,165808,44111,1556,15592,1,21395,651592,439194,2699,12225,776332,148288,197529,197931,75554,7300,53462,2476,587364,6200,721700,81092,910,0,89072,3530,71872,71913,35785,3330,18609,462,2120,13433,1408,38020,419985,110542,0,150,0,20,39621,0,194476,0,58983,400,18929,100395,63425,265,2675,799882,200,36688,154089,49203,9984,5942,157,104713,79131,2010,25836,0,57457,0,0,1024515,24722,94034,29,208846,88820,12969,193448,69078,12745,51875,16456,32093,7118,495746,28541,5830,184781,962,0,139140,30300,1195,250,3716,8949,11631,0,8164,11666,49,110116,1700,14553,5802156,3303204,514182,329820,4243615,552603,439737,171963,0,2675217,12682063,592954,11306222,4051058
Larceny Coin-operated_Machines Offenses,74,84,0,0,0,0,0,0,0,0,0,0,1,0,0,0,2,0,1,0,0,0,0,0,0,0,0,0,0,0,0,0,0,0,0,2,0,0,1,0,0,0,0,0,2,0,0,0,1,0,0,0,0,1,0,0,0,0,0,0,1,0,0,0,0,5,0,0,0,0,0,0,0,0,0,0,0,0,7,0,0,0,0,0,0,23,0,0,0,0,3,0,0,0,0,1,0,1,0,0,0,0,0,0,2,1,0,0,0,0,0,0,0,0,0,0,0,0,0,0,0,0,0,0,0,0,0,0,0,0,0,0,0,0,0,0,0,4,0,2,1,0,0,0,0,0,0,0,1,0,6,0,0,9,1,0,0,1,0,0,0,0,0,0,0,0,0,0,1,0,0,0,0,0,0,0,0,1,0,0,0,0,0,0,0,0,2,12,24,1,2,39,5,1,0,0,20,64,2,30,54
Larceny Coin-operated_Machines Value_Stolen,75,98099,0,0,0,0,0,0,0,0,0,0,385,0,0,0,276,0,78,0,0,0,0,0,0,0,0,0,0,0,0,0,0,0,0,1385,0,0,500,0,0,0,0,0,95,0,0,0,300,0,0,0,0,1,0,0,0,0,0,0,1400,0,0,0,0,0,0,0,0,0,0,0,0,0,0,0,0,0,2000,0,0,0,0,0,0,41642,0,0,0,0,125,0,0,0,0,34,0,10,0,0,0,0,0,0,1800,60,0,0,0,0,0,0,0,0,0,0,0,0,0,0,0,0,0,0,0,0,0,0,0,0,0,0,0,0,0,0,0,1166,0,30,1,0,0,0,0,0,0,0,0,0,186,0,0,3219,43050,0,0,5,0,0,0,0,0,0,0,0,0,0,50,0,0,0,0,0,0,0,0,70,0,0,0,0,0,0,0,0,231,4698,3073,10,231,45547,44540,0,0,0,4661,93438,231,49288,48811
Larceny All_Other Offenses,76,13641,4,52,7,20,10,23,94,23,70,14,185,15,12,167,714,6,295,71,36,24,5,14,20,4,78,3,101,27,4,9,4,43,28,181,15,7,25,20,2,16,40,55,161,87,98,8,116,29,184,5,140,100,10,58,5,37,162,56,34,112,15,452,5,151,0,14,13,14,106,3,9,81,43,34,4,41,294,91,5,331,19,15,150,505,95,74,8,254,171,50,18,26,599,193,155,117,52,9,66,18,132,19,102,146,20,65,35,23,29,223,48,15,12,17,38,65,18,15,15,37,6,11,12,6,19,8,55,2,62,19,113,118,110,17,23,294,14,154,213,23,18,27,26,214,83,2,92,7,271,5,13,445,87,60,17,108,330,9,76,30,16,21,28,64,35,127,56,69,7,15,17,53,58,46,90,56,20,13,1,8,16,0,193,1,113,2525,3039,715,649,4385,1411,440,477,0,2203,11438,1947,9392,4249
Larceny All_Other Value_Stolen,77,24118759,6441,53572,17402,131484,13058,16166,135846,549941,103182,10298,254254,403334,17579,374382,621471,3977,372776,131421,82732,68395,2994,30279,18413,10577,114616,12600,177738,53111,5566,31563,1600,38395,7817,147770,23789,31117,8900,133447,650,42793,35975,64820,125619,138095,100175,8243,345662,117533,344731,14385,165344,660275,18361,334627,9001,13070,1622746,52823,21213,169338,20193,518234,6043,0,0,189853,3797,52123,207091,2406,4251,677362,23447,69554,1515,90263,265961,141733,5899,622939,16104,49168,152556,380877,661657,92410,2552,287561,64903,174577,165700,128497,384033,976236,584818,133609,232274,24771,137186,34128,162783,33624,330972,115909,34830,135015,67745,14281,26680,220133,40770,39413,3813,24381,171960,54540,18984,16328,200413,95553,16230,13664,24856,10776,26979,9891,63063,13000,119060,114764,223287,97100,160081,13498,39037,857715,75746,154545,359557,32242,10336,44301,13700,197810,88529,16500,62673,9821,221546,2600,27180,229104,122638,97338,60593,132208,212877,9690,243978,60786,9148,49918,8496,28090,24192,238886,54005,171090,1253,144141,29679,21656,40998,67143,135678,81439,8702,1107,100,4391,6263,0,348454,110,336631,6377167,5379800,1261229,1238274,5393031,2721360,1039616,708282,0,2092323,22026436,5609895,19383858,4734901
Larceny $200_and_Over Offenses,78,24193,4,115,7,74,11,24,125,21,75,8,195,17,11,260,1024,4,473,80,29,20,4,14,31,5,105,4,100,26,6,14,6,48,115,480,24,7,101,18,2,17,31,34,302,202,73,9,138,29,406,8,451,326,9,119,6,48,242,45,68,62,13,534,7,1306,0,11,13,12,83,3,11,63,58,32,2,43,521,67,9,450,38,12,290,549,78,58,3,238,525,74,18,33,2027,314,208,196,51,11,68,13,227,19,489,219,15,61,152,21,74,166,81,14,11,13,45,52,14,24,39,133,5,11,9,6,76,4,196,2,81,17,80,259,111,13,28,648,16,141,416,51,24,19,21,350,249,3,96,5,209,5,10,1553,234,162,21,496,433,17,130,159,18,59,58,110,33,187,100,108,45,16,14,146,94,25,51,59,22,25,0,19,25,0,250,2,138,4953,6714,1080,866,7957,1630,469,524,0,6558,17635,1723,15723,8470
MVTheft Auto Offenses,85,5149,0,49,0,5,0,3,9,3,5,0,19,0,0,37,527,0,108,4,2,4,1,0,1,0,5,0,0,2,0,2,0,4,4,60,2,4,24,4,0,26,5,3,108,78,1,0,9,2,21,1,37,18,0,6,1,1,31,16,3,6,0,71,1,592,0,1,3,0,7,2,0,8,3,1,0,0,48,10,0,112,5,7,60,66,6,26,0,57,166,5,3,2,685,26,35,7,2,0,11,8,31,10,70,36,0,3,10,0,5,13,9,16,0,5,17,3,1,0,0,8,0,1,1,0,16,0,37,0,4,0,6,26,7,1,5,133,0,7,121,1,5,3,1,28,25,0,7,0,20,0,0,623,6,33,3,72,171,0,11,22,3,3,5,37,7,18,11,21,17,1,0,2,1,1,0,0,1,3,0,0,0,1,15,0,72,1082,1351,103,168,2146,176,38,85,0,2560,2589,313,2665,2484
Larceny $200_and_Over Value_Stolen,79,49553958,6441,204946,17984,368081,14449,22072,314110,551461,126567,10306,420780,407389,18064,685843,1142350,3857,674878,157175,97414,68331,6484,36123,112261,12305,192019,14425,229450,55039,10637,38019,3410,71742,163138,1315917,93082,31117,70181,134714,2550,61737,35383,69185,433143,419735,118490,10950,403782,445909,782558,30409,1098727,1004599,18811,461837,14000,41994,2921982,64779,92224,242277,20484,701702,12683,0,0,190151,26175,52468,221029,9265,7134,694131,48534,108079,1475,282904,570008,155327,10069,980808,118318,49146,425206,682408,674288,106804,2400,375044,425501,656795,168469,144682,2126820,1211322,849078,377156,313785,32770,222825,38382,884167,40229,1458793,257889,35440,153153,210974,22767,117867,308937,101482,56133,27004,24382,194961,70156,20970,57192,634767,245772,16180,16344,31376,12600,107346,9563,337919,13000,198367,114981,246036,267746,286473,13533,51746,1997834,150226,261061,796933,109459,22433,50102,15859,383857,299699,18510,481074,10899,348954,2600,26872,1725471,316832,275263,87945,545094,531401,23883,527054,227195,25606,131319,46991,85235,434101,918019,104742,227352,208418,145557,32236,173737,77248,69774,138420,87404,17663,13400,0,12610,17752,0,510258,3200,418914,15058494,10594458,2071405,1898938,12778699,3772824,1936026,1443114,0,6992475,42561483,6999628,38553521,11000437
Larceny $50_to_$200 Offenses,80,12712,0,96,2,27,1,7,50,3,34,3,120,2,2,104,724,1,254,44,9,2,2,2,14,0,31,0,38,5,0,2,0,24,93,249,12,1,48,5,1,2,7,15,181,105,39,1,64,5,173,2,202,182,1,47,0,14,52,10,45,29,2,318,0,626,0,2,2,2,31,1,4,18,40,7,0,27,358,52,1,286,5,3,121,425,34,11,1,98,348,17,2,2,1153,158,108,67,21,2,30,7,71,4,194,194,3,23,75,4,17,115,27,3,4,4,11,31,9,5,4,69,1,2,1,1,33,2,53,0,34,2,24,165,67,3,5,185,0,77,253,10,9,7,13,184,125,0,34,3,110,0,2,1186,156,94,4,308,249,0,43,114,4,12,35,70,19,96,45,34,11,2,2,63,49,16,13,17,5,39,1,6,9,0,127,1,32,2289,3650,454,351,4645,886,194,243,0,3874,8838,502,7371,5341
Larceny $50_to_$200 Value_Stolen,81,1777759,0,9529,160,3183,126,704,5253,419,3704,300,12060,200,339,11387,83663,100,25847,5155,876,245,110,206,1662,0,3345,0,4077,573,0,240,0,2316,10086,25900,1302,60,4415,626,100,175,942,1365,17676,11563,4134,100,6416,504,19642,170,20364,19591,100,4899,0,1785,5647,1196,4068,3274,309,31788,0,0,0,260,180,180,3425,75,509,1971,4291,687,0,2736,39758,5606,130,32846,554,447,11573,48312,3627,1332,150,10266,526154,1882,300,200,124469,16945,11313,6079,2075,285,3262,997,7842,292,20538,22069,250,2226,8303,430,1296,10589,2952,363,450,411,1266,3326,1012,572,566,7466,50,250,70,176,3867,293,5836,0,4145,183,2304,18066,7252,230,573,20148,0,7796,25915,975,1210,738,1187,19455,15075,0,3579,295,11772,0,306,117164,17556,9728,330,34262,25868,0,4462,11270,402,1575,3301,7088,2097,10390,4667,4189,1047,146,237,7460,5716,1884,1517,1807,497,4530,100,716,977,0,12902,110,2947,250929,811100,46985,35683,491358,95388,20686,25630,0,345444,1432315,54178,781030,996729
Larceny Under_$50 Offenses,82,15166,0,74,2,17,0,3,54,6,37,5,77,0,1,176,862,1,237,17,7,5,0,0,11,2,36,0,73,3,0,0,0,30,49,243,29,2,91,1,1,6,4,44,529,251,24,4,69,7,111,0,286,84,1,45,1,21,49,13,33,127,2,196,1,1484,0,5,5,1,20,3,0,19,16,12,2,26,352,41,1,236,10,2,254,328,19,22,5,171,542,15,2,3,1114,141,179,72,27,1,47,10,90,2,697,231,8,15,63,11,22,115,32,4,14,4,9,61,5,3,26,54,0,2,5,1,37,2,47,0,15,4,34,196,138,2,8,610,1,86,376,13,24,3,6,198,62,0,59,2,213,0,1,642,45,84,4,317,413,7,26,45,3,10,57,72,6,70,30,78,10,5,2,49,58,16,32,3,7,37,0,7,20,1,116,0,36,3464,4787,524,503,4561,859,221,247,0,4712,10454,486,9081,6085
Larceny Under_$50 Value_Stolen,83,211289,0,1293,43,319,0,3,770,14,337,22,1220,0,1,1650,29383,20,4579,335,80,60,0,0,10,27,392,0,899,53,0,0,0,414,752,3763,70,34,750,40,0,97,50,271,3649,1722,367,3,979,89,1830,0,2161,1936,0,745,1,209,355,150,430,603,1,3490,1,0,0,51,31,0,215,41,0,129,344,68,40,217,4828,928,40,3957,122,46,2092,4123,292,273,3,1333,21768,201,4,75,17462,2105,1747,663,197,16,354,48,1048,1,3286,3374,107,354,1173,110,134,11635,454,22,94,50,83,440,134,49,253,1141,0,0,21,20,341,35,433,0,259,51,251,2753,834,0,75,3097,20,1314,2988,191,229,3,116,1878,965,0,800,32,2150,0,2,16432,846,1286,48,5462,4101,7,288,1038,12,63,779,1018,182,774,317,686,79,61,2,266,928,128,151,50,186,418,0,46,208,49,2010,0,283,48626,69783,5712,5005,64413,11547,3444,2759,0,66374,144915,5505,101002,110287
Larceny Clearances,84,11839,0,68,3,20,2,8,48,3,45,4,106,3,1,145,276,0,199,23,18,7,0,4,18,1,56,1,51,22,1,3,0,5,84,216,20,5,56,2,0,2,6,12,178,114,31,2,55,10,198,1,233,317,1,53,0,12,38,19,32,27,2,218,3,521,1,4,2,5,59,4,3,22,77,13,0,21,453,90,3,267,7,5,156,468,27,25,2,141,238,10,6,11,615,157,102,59,19,4,33,10,65,6,272,253,11,22,75,6,21,143,28,1,8,9,4,38,17,2,15,106,0,2,4,1,27,1,34,0,18,7,23,148,100,2,21,255,2,64,166,8,22,11,29,215,249,0,52,3,202,2,3,713,290,69,6,347,156,3,36,103,5,22,23,59,34,86,23,31,7,2,6,10,36,24,44,7,4,2,1,1,4,0,139,0,45,1977,3673,484,410,3570,1182,263,280,0,2380,9459,840,7522,4317
Arson Structural Value_Damaged,94,3091429,1,10000,0,1,0,0,0,0,0,0,0,0,0,0,390100,0,11000,0,0,0,0,0,0,0,140000,0,1,0,0,0,0,0,0,0,0,0,2002,0,0,0,200000,0,12000,0,0,0,1011,0,0,0,0,0,0,0,0,0,0,0,27001,0,0,0,0,80620,0,0,500,500,125000,0,0,0,0,0,0,0,10000,0,0,600,0,0,0,0,0,0,0,0,0,0,0,0,0,0,4,60010,0,0,0,0,0,0,2,160000,0,150000,0,0,26000,0,142000,0,0,1,1,1,0,0,0,0,0,0,0,0,0,0,0,0,0,0,0,1,0,0,0,6,0,0,0,0,0,0,0,0,0,0,1000,0,0,0,0,500,0,0,0,0,0,0,0,0,0,0,0,200000,0,2,0,5,0,0,0,0,0,0,0,0,0,0,0,0,0,0,1550,0,1340009,390108,114635,202510,1690010,153108,188556,1501,351001,0,471226,2620203,1666012,2449609,641820
MVTheft Auto Clearances,86,583,0,1,0,0,0,1,4,0,4,0,7,0,0,9,39,0,10,1,1,0,1,0,6,0,3,0,3,0,0,0,0,1,1,2,1,0,3,0,0,0,3,3,4,2,4,0,0,0,1,0,2,6,0,4,0,0,6,3,1,0,0,15,0,46,0,0,3,0,0,0,0,1,0,1,0,0,2,5,0,22,0,0,5,2,3,4,0,17,8,1,0,1,42,11,7,0,0,0,2,2,3,3,2,10,0,3,0,0,3,0,2,0,0,3,1,0,0,0,0,1,0,1,0,0,1,0,0,0,0,0,1,8,1,0,0,9,0,3,5,0,4,0,0,12,3,0,2,0,4,0,0,85,4,1,1,5,2,0,1,1,0,1,4,10,1,4,0,3,0,0,0,0,0,0,0,0,0,0,0,0,0,1,2,0,35,80,130,28,54,219,46,11,15,0,221,362,76,351,232
MVTheft Trucks_&_Buses Offenses,87,186,1,0,0,0,0,1,1,0,0,0,0,0,0,0,64,0,5,1,0,0,0,1,0,0,1,0,0,0,0,0,0,1,0,1,0,4,0,0,0,0,0,0,0,0,0,0,0,0,2,0,0,0,1,1,0,0,0,1,0,1,0,2,0,1,0,0,0,0,0,0,0,0,0,1,0,0,0,0,0,6,0,0,0,2,2,8,1,1,9,0,0,1,2,1,2,4,2,0,0,1,1,0,0,1,0,0,1,0,8,0,0,0,0,0,2,1,0,0,0,1,0,0,0,1,0,0,0,0,1,0,0,2,0,1,0,0,0,1,3,2,0,2,0,1,1,0,4,0,0,0,0,2,1,3,0,1,2,0,0,0,1,0,1,4,1,0,0,0,0,1,0,0,0,0,0,0,0,0,0,0,0,0,0,0,2,74,27,14,6,24,16,7,18,0,69,117,32,93,93
MVTheft Trucks_&_Buses Clearances,88,10,0,0,0,0,0,0,1,0,0,0,0,0,0,0,1,0,2,0,0,0,0,1,0,0,0,0,0,0,0,0,0,0,0,0,0,0,1,0,0,0,0,0,0,0,0,0,0,0,0,0,0,0,0,0,0,0,0,0,0,0,0,0,0,0,0,0,0,0,0,0,0,0,0,0,0,0,0,0,0,0,0,0,0,0,0,0,0,0,2,0,0,0,0,0,0,0,0,0,0,0,0,0,0,0,0,0,0,0,0,0,0,0,0,0,1,0,0,0,0,0,0,0,0,0,0,0,0,0,0,0,0,0,0,0,0,0,0,0,0,0,0,0,0,0,0,0,0,0,0,0,0,0,0,0,0,0,0,0,0,0,0,0,0,0,0,0,0,0,0,0,0,0,0,0,0,0,0,0,0,0,0,0,0,0,1,1,5,0,1,2,0,0,1,0,1,9,3,7,3
MVTheft Other_Vehicles Offenses,89,880,0,1,0,1,0,2,1,1,1,0,3,0,0,3,72,0,13,0,0,0,0,0,0,0,3,0,0,0,0,0,0,1,0,3,0,0,1,0,1,0,1,0,11,23,0,1,0,1,2,0,2,3,0,0,0,1,11,1,1,0,0,1,0,46,0,0,0,1,0,0,2,1,2,1,0,0,5,2,0,28,0,1,14,37,1,6,0,2,61,0,0,0,71,7,24,2,0,0,1,1,1,1,36,15,0,0,3,0,3,3,5,0,5,5,3,2,0,0,0,6,0,0,0,0,1,1,3,0,1,2,0,13,3,0,0,18,0,0,11,3,0,0,0,5,5,0,5,0,7,0,0,64,0,10,3,10,70,0,0,6,0,3,0,11,2,0,0,13,0,1,1,0,18,0,0,0,0,0,0,0,0,0,2,0,18,167,199,27,42,336,60,29,20,0,271,609,61,453,427
MVTheft Other_Vehicles Clearances,90,86,0,0,0,0,0,1,0,0,0,0,1,0,0,0,18,0,0,0,0,0,0,0,0,0,0,0,0,0,0,0,0,0,0,0,0,0,1,0,0,0,0,0,0,0,0,0,0,0,0,0,1,1,0,0,0,0,0,0,0,0,0,0,0,3,0,0,0,0,0,0,0,0,0,0,0,0,0,0,0,1,0,0,1,1,0,0,0,0,6,0,0,0,4,0,5,0,0,0,0,0,0,0,2,0,0,0,2,0,1,0,1,0,0,1,0,0,0,0,0,0,0,0,0,0,0,0,1,0,0,0,0,3,0,0,0,0,0,0,0,0,0,0,0,2,1,0,0,0,1,0,0,4,0,1,0,1,8,0,0,0,0,0,0,2,0,0,0,2,0,0,0,0,0,0,0,0,0,0,0,0,0,0,0,0,9,23,15,4,10,25,6,0,3,0,29,57,11,45,41
MVTheft Value_Stolen,91,31649443,3950,239985,0,33003,0,107610,141700,16150,23601,0,109437,0,0,225207,2960583,0,638904,58840,6500,40000,10000,2500,2500,0,100943,0,0,2500,0,6500,0,27100,39201,492286,9000,135200,166166,10134,7500,62190,39450,9001,757466,475111,12000,12600,63505,35000,248147,1500,560101,79133,14000,119312,3000,15000,556882,74476,16554,0,0,460148,800,0,0,12000,5800,12000,44426,3470,4150,41000,34670,8722,0,0,339785,42222,0,791493,62864,70495,455358,726640,75050,162430,15000,493247,825255,62675,38000,10320,3081562,165403,190629,140876,20110,0,88460,17713,107999,50950,262073,233780,0,46000,122200,0,45225,107301,93669,6850,29300,27375,178364,26553,15000,0,0,127801,0,1500,750,3000,226371,8800,259820,0,32515,2500,42573,425405,99170,2450,26310,956756,0,120348,901248,112710,65800,30601,4000,217119,130438,0,112551,0,277487,0,0,4334049,39900,298280,136900,297197,1028066,0,225200,284892,49000,73514,31750,230277,56914,73634,110470,313410,59502,10500,6000,15300,13725,2000,0,0,2500,37500,0,0,0,13500,72065,0,1018535,7678777,5327835,956299,1994544,13740907,1102777,328658,519646,0,11332950,20316493,2794250,19125084,12524359
Arson Structural Offenses,92,108,1,1,0,1,0,0,0,0,0,0,0,0,0,0,10,0,2,0,0,0,0,0,0,0,1,0,1,0,0,0,0,0,0,2,0,0,3,0,0,0,1,0,1,0,0,0,2,0,0,0,0,0,0,0,0,0,0,0,3,0,0,0,0,20,0,0,1,1,1,0,0,0,0,0,0,0,3,0,0,2,0,0,0,0,0,0,0,0,7,0,0,0,0,0,2,2,0,0,0,0,0,0,1,2,0,1,0,0,2,0,1,0,0,1,1,1,0,0,0,0,0,0,0,0,0,0,0,0,0,0,0,1,0,0,0,3,0,0,0,0,0,0,0,0,0,0,1,0,0,0,0,2,0,0,0,0,0,0,0,0,0,0,0,1,0,1,0,1,0,0,0,0,0,0,0,0,0,0,0,0,0,0,2,0,18,16,38,4,21,11,10,3,5,0,35,73,25,60,48
Arson Structural Clearances,93,43,1,1,0,0,0,0,0,0,0,0,0,0,0,0,3,0,1,0,0,0,0,0,0,0,0,0,0,0,0,0,0,0,0,0,0,0,0,0,0,0,0,0,1,1,0,0,0,0,0,0,0,0,0,1,0,0,0,0,1,0,0,0,0,5,0,0,0,0,1,0,0,0,0,0,0,0,2,0,0,1,0,0,1,1,0,0,0,0,7,0,0,0,0,0,1,1,0,0,0,0,0,0,1,1,0,1,0,0,1,0,0,0,0,0,0,1,0,0,0,0,0,0,0,0,0,0,0,0,0,0,0,0,0,0,0,2,0,0,1,0,0,0,0,0,0,0,0,0,0,0,0,4,0,0,0,0,0,0,0,0,0,0,0,0,0,1,0,0,0,0,0,0,0,0,0,0,0,0,0,0,0,0,0,0,0,7,18,1,2,8,3,1,3,0,14,29,2,19,24
Arson Mobile Value_Damaged,97,496709,0,0,0,0,0,0,0,0,0,0,1,0,0,1,147425,0,700,0,0,0,0,0,0,0,0,0,0,1,0,0,0,0,0,0,0,0,0,0,0,0,0,0,0,1,0,0,2001,0,0,0,0,0,0,0,0,0,100000,0,0,0,0,0,0,107763,0,0,0,0,0,0,0,10000,0,0,0,0,0,0,7500,200,0,0,0,0,0,0,0,0,0,0,5000,0,9000,0,0,0,0,0,0,0,0,0,0,200,0,0,0,0,27900,4000,24000,0,0,0,0,0,0,0,0,0,0,0,0,0,0,0,0,0,0,0,0,1,0,0,0,4,0,0,18001,0,0,1010,0,0,0,0,0,0,0,0,0,0,0,0,0,0,0,0,0,0,0,0,0,0,0,0,0,0,0,0,0,0,0,0,0,0,0,0,0,0,0,0,0,0,32000,270430,121966,24000,32000,9202,10201,0,28910,0,264192,232517,55511,237121,259588
Arson Other Offenses,98,90,0,0,0,0,0,0,1,0,2,0,0,0,0,0,0,0,3,0,0,0,0,0,0,0,0,0,1,1,0,1,0,0,0,0,0,0,0,0,0,0,0,0,10,1,0,0,1,0,0,0,1,0,0,0,0,0,2,0,1,0,0,1,0,8,0,0,0,1,0,0,0,0,0,0,1,0,0,0,0,2,0,0,0,0,0,0,0,0,0,0,0,0,9,0,4,3,1,0,1,0,0,0,2,4,0,0,0,1,0,0,0,0,0,0,0,1,0,0,0,0,0,0,0,0,0,0,0,0,0,0,0,6,0,0,0,1,0,0,0,0,0,0,0,1,0,0,1,0,0,0,1,0,0,0,1,0,0,0,0,0,0,0,0,0,0,0,0,0,0,1,0,0,2,0,1,0,0,0,0,0,0,0,4,0,7,9,29,7,9,15,16,4,1,0,18,72,16,76,14
Arson Other Clearances,99,39,0,0,0,0,0,1,1,0,1,0,0,0,0,0,0,0,2,0,0,0,0,0,0,0,0,0,0,0,0,1,0,0,0,0,0,0,0,0,0,0,0,0,4,0,0,0,1,0,0,0,1,0,0,0,0,0,2,0,0,0,0,0,0,1,0,0,0,0,0,0,0,0,0,0,0,0,0,0,0,1,0,0,0,0,0,0,0,0,0,0,0,0,4,0,3,2,0,0,0,0,0,0,1,4,0,0,0,0,0,0,0,0,0,0,0,1,0,0,0,0,0,0,0,0,0,0,0,0,0,0,0,0,0,0,0,1,0,0,0,0,0,0,0,1,0,0,0,0,0,0,1,0,0,0,1,0,0,0,0,0,0,0,0,0,0,0,0,0,0,0,0,0,2,0,1,0,0,0,0,0,0,0,1,0,0,6,9,4,1,6,9,3,1,0,6,33,5,33,6
Arson Other Value_Damaged,100,144368,0,0,0,0,0,0,1,0,10010,0,0,0,0,0,0,0,160,0,0,0,0,0,0,0,0,0,1,500,0,10,0,0,0,0,0,0,0,0,0,0,0,0,17,1,0,0,100,0,0,0,1,0,0,0,0,0,101,0,1,0,0,200,0,10300,0,0,0,1,0,0,0,0,0,0,16000,0,0,0,0,450,0,0,0,0,0,0,0,0,0,0,0,0,35005,0,256,60002,201,0,100,0,0,0,2,6,0,0,0,1,0,0,0,0,0,0,0,1,0,0,0,0,0,0,0,0,0,0,0,0,0,0,0,2,0,0,0,2,0,0,0,0,0,0,0,1,0,0,12,0,0,0,700,0,0,0,10000,0,0,0,0,0,0,0,0,0,0,0,0,0,0,1,0,0,110,0,1,0,0,0,0,0,0,0,5,0,106,10317,10580,60705,10107,35757,16769,132,1,0,45307,99061,27320,133612,10756
SmAsslt Offenses,101,29142,7,257,11,26,9,42,102,22,69,11,266,8,6,257,2927,1,756,46,42,28,7,10,9,16,86,12,122,49,5,12,0,98,61,88,23,17,190,17,12,20,19,7,984,195,36,2,139,28,164,18,135,87,9,142,10,60,41,95,173,17,29,147,6,1691,5,28,12,17,211,10,7,97,19,65,2,16,452,50,15,959,22,10,800,158,16,111,9,359,584,25,23,11,4760,82,528,272,98,7,54,20,45,16,863,701,8,30,30,28,103,55,44,11,0,18,41,159,18,3,34,21,5,12,8,9,102,8,170,5,73,63,48,447,123,33,62,1048,17,149,398,53,31,46,30,224,102,0,146,25,128,5,19,923,116,174,21,224,76,14,74,104,12,12,140,205,33,280,163,21,28,16,15,15,21,38,40,1,3,3,0,16,2,0,295,0,345,6233,7158,1146,1518,9028,2583,549,927,0,11349,17793,2398,20105,9037
SmAsslt Clearances,102,19844,2,165,5,15,7,23,62,13,61,5,44,6,4,78,1385,0,448,37,31,12,6,6,2,9,45,3,102,30,2,3,2,79,47,36,21,5,171,10,10,8,9,5,792,59,22,1,78,21,157,10,123,61,6,141,4,44,21,68,157,15,18,48,3,882,2,12,6,4,114,8,3,61,10,25,2,3,330,24,8,885,13,5,548,131,10,73,4,292,430,10,14,5,3431,59,405,207,60,4,24,12,14,11,710,615,8,31,23,8,81,54,37,6,0,12,16,133,14,2,31,14,3,9,5,6,85,6,105,3,38,29,17,296,94,22,51,713,6,134,209,35,29,23,18,199,58,0,94,16,103,1,12,803,112,146,13,81,43,12,40,99,9,11,131,147,20,226,161,25,15,3,9,4,4,31,25,1,2,2,0,4,1,0,213,0,233,3678,4675,871,1047,6553,2049,346,625,0,7214,12630,1404,13906,5938
Total_Value_Recovered,103,23866392,2200,171258,229,28261,1143,89636,7119,2759,32366,200,112236,1974,0,44451,1375016,650,342696,20670,8886,25625,11575,406,11073,0,43285,0,16094,42451,1900,800,0,20432,51342,577737,12872,2211,133107,2520,0,18370,48251,12553,697189,377800,20615,12600,33101,66947,299395,0,450128,144124,0,349582,1600,19060,322549,16718,9572,10531,199,84990,3615,0,0,16,12475,3040,46053,3500,1483,18051,23931,7511,0,22856,345823,27174,6359,549591,49395,19629,239216,248374,67037,93102,700,201332,654247,24665,34025,23963,2995340,326000,102565,45734,141425,6451,40177,11473,85779,4596,387968,172938,2610,58387,100353,2301,12505,138233,69199,50,9031,9510,138150,2226,17279,1002,95349,130355,0,2345,40541,0,151891,0,181492,0,36273,6658,32132,390495,14029,2325,60365,814239,0,38825,449050,25753,62275,4042,16882,200212,144706,0,89068,100,81417,20,9367,4270770,84144,253297,63058,343658,271321,26590,79996,170589,13947,11693,37585,129623,53667,56544,75674,92686,111847,40757,1601,5920,26393,8867,59780,1838,2800,40941,0,796,2321,13500,71941,0,562543,5265809,4818163,829209,1088534,10411770,786469,345315,321123,0,9455365,14411027,1863909,14465243,9401149
Murder Weapon Firearm,104,20,0,0,0,0,0,0,0,0,0,0,0,0,0,0,1,0,0,0,0,0,0,0,0,0,0,0,0,0,0,0,0,1,0,0,0,0,0,0,0,0,0,0,0,0,0,0,0,0,0,0,0,0,0,0,0,0,0,0,0,0,0,0,0,1,0,0,0,0,0,0,0,0,0,0,0,0,0,0,0,0,0,0,0,0,0,0,0,0,0,0,0,0,14,0,0,0,0,0,0,0,0,0,0,0,0,0,0,0,0,0,0,0,0,0,0,0,0,0,0,0,0,0,0,0,0,0,0,0,0,0,0,0,0,0,0,1,0,0,0,0,0,0,0,0,0,0,0,0,0,0,0,1,0,0,0,0,0,0,0,0,0,0,0,0,0,1,0,0,0,0,0,0,0,0,0,0,0,0,0,0,0,0,0,0,0,2,2,0,0,15,0,1,0,0,18,2,0,17,3
Murder Weapon Handgun,105,40,0,0,0,0,0,0,0,0,0,0,0,0,0,0,8,0,0,0,0,0,0,0,0,0,0,0,0,0,0,0,0,0,0,0,0,0,0,0,0,0,0,0,0,0,0,0,1,0,0,0,0,0,0,0,0,0,0,0,0,0,0,0,0,18,0,0,0,0,0,0,0,0,0,0,0,0,3,0,0,0,0,0,0,0,0,0,0,0,1,0,0,0,3,0,1,0,0,0,0,0,0,2,0,0,0,0,0,0,0,0,0,0,0,0,0,0,0,0,0,0,0,0,0,0,0,0,0,0,0,0,0,0,0,0,0,0,0,0,0,0,0,0,0,0,0,0,0,0,0,0,0,1,0,0,0,0,1,0,0,0,0,0,0,0,1,0,0,0,0,0,0,0,0,0,0,0,0,0,0,0,0,0,0,0,0,8,23,0,0,5,3,0,1,0,30,10,3,8,32
Murder Weapon Rifle,106,,,,,,,,,,,,,,,,,,,,,,,,,,,,,,,,,,,,,,,,,,,,,,,,,,,,,,,,,,,,,,,,,,,,,,,,,,,,,,,,,,,,,,,,,,,,,,,,,,,,,,,,,,,,,,,,,,,,,,,,,,,,,,,,,,,,,,,,,,,,,,,,,,,,,,,,,,,,,,,,,,,,,,,,,,,,,,,,,,,,,,,,,,,,,,,,,,,,,,,,
Murder Weapon Shotgun,107,,,,,,,,,,,,,,,,,,,,,,,,,,,,,,,,,,,,,,,,,,,,,,,,,,,,,,,,,,,,,,,,,,,,,,,,,,,,,,,,,,,,,,,,,,,,,,,,,,,,,,,,,,,,,,,,,,,,,,,,,,,,,,,,,,,,,,,,,,,,,,,,,,,,,,,,,,,,,,,,,,,,,,,,,,,,,,,,,,,,,,,,,,,,,,,,,,,,,,,,
Murder Weapon Other_gun,108,,,,,,,,,,,,,,,,,,,,,,,,,,,,,,,,,,,,,,,,,,,,,,,,,,,,,,,,,,,,,,,,,,,,,,,,,,,,,,,,,,,,,,,,,,,,,,,,,,,,,,,,,,,,,,,,,,,,,,,,,,,,,,,,,,,,,,,,,,,,,,,,,,,,,,,,,,,,,,,,,,,,,,,,,,,,,,,,,,,,,,,,,,,,,,,,,,,,,,,,
Murder Weapon Knife,109,12,0,0,0,0,0,0,0,0,0,0,1,0,0,0,1,0,2,0,0,0,0,0,0,0,0,0,0,0,0,0,0,0,0,1,0,1,0,0,0,0,0,0,1,0,0,0,0,0,0,0,0,0,0,0,0,0,0,0,0,0,0,0,0,1,0,0,0,0,0,0,0,0,0,0,0,0,0,0,0,0,0,0,0,0,0,0,0,0,0,0,0,0,1,0,0,0,0,0,0,0,0,0,0,0,0,0,0,0,0,0,0,0,0,0,0,0,0,0,0,0,0,0,0,0,0,0,0,0,0,0,0,0,0,0,0,0,1,0,0,0,0,0,0,0,0,0,0,0,0,0,0,2,0,0,0,0,0,0,0,0,0,0,0,0,0,0,0,0,0,0,0,0,0,0,0,0,0,0,0,0,0,0,0,0,0,2,5,0,1,3,0,0,1,0,5,7,2,7,5
Murder Weapon Blunt_Object,110,2,0,0,0,0,0,0,0,0,0,0,0,0,0,0,0,0,0,0,0,0,0,0,0,0,0,0,0,0,0,0,0,0,0,0,0,0,0,0,0,0,0,0,0,0,0,0,0,0,0,0,0,0,0,0,0,0,0,0,0,0,0,0,0,1,0,0,0,0,0,0,0,0,0,0,0,0,0,0,0,0,0,0,0,0,0,0,0,0,0,0,0,0,0,0,0,0,0,0,0,0,0,0,0,1,0,0,0,0,0,0,0,0,0,0,0,0,0,0,0,0,0,0,0,0,0,0,0,0,0,0,0,0,0,0,0,0,0,0,0,0,0,0,0,0,0,0,0,0,0,0,0,0,0,0,0,0,0,0,0,0,0,0,0,0,0,0,0,0,0,0,0,0,0,0,0,0,0,0,0,0,0,0,0,0,0,0,1,0,0,0,1,0,0,0,1,1,0,0,2
Murder Weapon Motor_Vehicle,111,1,0,0,0,0,0,0,0,0,0,0,0,0,0,0,1,0,0,0,0,0,0,0,0,0,0,0,0,0,0,0,0,0,0,0,0,0,0,0,0,0,0,0,0,0,0,0,0,0,0,0,0,0,0,0,0,0,0,0,0,0,0,0,0,0,0,0,0,0,0,0,0,0,0,0,0,0,0,0,0,0,0,0,0,0,0,0,0,0,0,0,0,0,0,0,0,0,0,0,0,0,0,0,0,0,0,0,0,0,0,0,0,0,0,0,0,0,0,0,0,0,0,0,0,0,0,0,0,0,0,0,0,0,0,0,0,0,0,0,0,0,0,0,0,0,0,0,0,0,0,0,0,0,0,0,0,0,0,0,0,0,0,0,0,0,0,0,0,0,0,0,0,0,0,0,0,0,0,0,0,0,0,0,0,0,0,1,0,0,0,0,0,0,0,0,1,0,0,0,1
Murder Weapon Personal_Weap,112,7,0,0,0,0,0,0,0,0,0,0,0,0,0,0,0,0,0,0,0,0,0,0,0,0,0,0,1,0,0,0,0,0,0,1,0,0,0,0,0,0,0,0,0,0,0,0,0,0,0,0,0,0,0,0,0,0,0,0,0,0,0,0,0,1,0,0,0,0,0,0,0,0,0,0,0,0,0,0,0,0,0,0,0,0,0,0,0,0,0,0,0,0,1,0,2,0,0,0,0,0,0,0,0,0,0,0,0,0,0,0,0,0,0,0,0,0,0,0,0,0,0,0,0,0,0,0,0,0,0,0,0,0,0,0,0,0,0,0,0,0,0,0,0,0,0,0,0,0,0,0,0,0,0,0,0,0,1,0,0,0,0,0,0,0,0,0,0,0,0,0,0,0,0,0,0,0,0,0,0,0,0,0,0,0,0,1,1,0,1,2,2,0,0,0,2,5,0,4,3
Murder Weapon Poison,113,,,,,,,,,,,,,,,,,,,,,,,,,,,,,,,,,,,,,,,,,,,,,,,,,,,,,,,,,,,,,,,,,,,,,,,,,,,,,,,,,,,,,,,,,,,,,,,,,,,,,,,,,,,,,,,,,,,,,,,,,,,,,,,,,,,,,,,,,,,,,,,,,,,,,,,,,,,,,,,,,,,,,,,,,,,,,,,,,,,,,,,,,,,,,,,,,,,,,,,,
Murder Weapon Explosives,114,,,,,,,,,,,,,,,,,,,,,,,,,,,,,,,,,,,,,,,,,,,,,,,,,,,,,,,,,,,,,,,,,,,,,,,,,,,,,,,,,,,,,,,,,,,,,,,,,,,,,,,,,,,,,,,,,,,,,,,,,,,,,,,,,,,,,,,,,,,,,,,,,,,,,,,,,,,,,,,,,,,,,,,,,,,,,,,,,,,,,,,,,,,,,,,,,,,,,,,,
Murder Weapon Fire,115,,,,,,,,,,,,,,,,,,,,,,,,,,,,,,,,,,,,,,,,,,,,,,,,,,,,,,,,,,,,,,,,,,,,,,,,,,,,,,,,,,,,,,,,,,,,,,,,,,,,,,,,,,,,,,,,,,,,,,,,,,,,,,,,,,,,,,,,,,,,,,,,,,,,,,,,,,,,,,,,,,,,,,,,,,,,,,,,,,,,,,,,,,,,,,,,,,,,,,,,
Murder Weapon Narcotics,116,,,,,,,,,,,,,,,,,,,,,,,,,,,,,,,,,,,,,,,,,,,,,,,,,,,,,,,,,,,,,,,,,,,,,,,,,,,,,,,,,,,,,,,,,,,,,,,,,,,,,,,,,,,,,,,,,,,,,,,,,,,,,,,,,,,,,,,,,,,,,,,,,,,,,,,,,,,,,,,,,,,,,,,,,,,,,,,,,,,,,,,,,,,,,,,,,,,,,,,,
Murder Weapon Asphyxiation,117,1,0,0,0,0,0,0,0,0,0,0,0,0,0,0,0,0,0,0,0,0,0,0,0,0,0,0,0,0,0,0,0,0,0,0,0,0,0,0,0,0,0,0,0,0,0,0,0,0,0,0,0,0,0,0,0,0,0,0,0,0,0,0,0,0,0,0,0,0,0,0,0,0,0,0,0,0,0,0,0,0,0,0,0,0,0,0,0,0,0,0,0,0,0,0,0,0,0,0,0,0,0,0,0,0,0,0,0,0,0,0,0,0,0,0,0,0,0,0,0,0,0,0,0,0,0,0,0,0,0,0,0,0,0,0,0,0,0,0,0,0,0,0,0,0,0,0,0,0,0,0,0,1,0,0,0,0,0,0,0,0,0,0,0,0,0,0,0,0,0,0,0,0,0,0,0,0,0,0,0,0,0,0,0,0,0,0,0,0,0,1,0,0,0,0,1,0,0,0,1
Murder Weapon Other,118,3,0,0,0,0,0,0,0,0,0,0,0,0,0,0,0,0,0,0,0,0,0,0,0,0,0,0,0,0,0,0,0,0,0,0,0,0,0,0,0,0,0,0,0,0,0,0,0,0,0,0,0,0,0,0,0,0,0,0,0,0,0,0,0,1,0,0,0,0,0,0,0,0,0,0,0,0,0,0,0,0,0,0,0,0,0,0,0,0,0,0,0,0,0,0,0,0,0,0,0,0,0,0,0,0,0,0,0,0,0,0,0,0,0,0,0,0,0,0,0,0,0,0,0,0,0,0,0,0,0,0,0,0,0,0,0,0,0,0,0,0,0,0,0,0,0,0,0,0,1,0,0,0,0,0,0,0,0,0,0,0,0,0,0,0,1,0,0,0,0,0,0,0,0,0,0,0,0,0,0,0,0,0,0,0,0,0,1,0,0,1,0,0,1,0,1,2,1,2,1
Murder Weapon Unknown,119,,,,,,,,,,,,,,,,,,,,,,,,,,,,,,,,,,,,,,,,,,,,,,,,,,,,,,,,,,,,,,,,,,,,,,,,,,,,,,,,,,,,,,,,,,,,,,,,,,,,,,,,,,,,,,,,,,,,,,,,,,,,,,,,,,,,,,,,,,,,,,,,,,,,,,,,,,,,,,,,,,,,,,,,,,,,,,,,,,,,,,,,,,,,,,,,,,,,,,,,
"Murder Relationship Spouse, Female",120,1,0,0,0,0,0,0,0,0,0,0,0,0,0,0,0,0,0,0,0,0,0,0,0,0,0,0,0,0,0,0,0,1,0,0,0,0,0,0,0,0,0,0,0,0,0,0,0,0,0,0,0,0,0,0,0,0,0,0,0,0,0,0,0,0,0,0,0,0,0,0,0,0,0,0,0,0,0,0,0,0,0,0,0,0,0,0,0,0,0,0,0,0,0,0,0,0,0,0,0,0,0,0,0,0,0,0,0,0,0,0,0,0,0,0,0,0,0,0,0,0,0,0,0,0,0,0,0,0,0,0,0,0,0,0,0,0,0,0,0,0,0,0,0,0,0,0,0,0,0,0,0,0,0,0,0,0,0,0,0,0,0,0,0,0,0,0,0,0,0,0,0,0,0,0,0,0,0,0,0,0,0,0,0,0,0,0,0,0,0,0,0,1,0,0,0,1,0,1,0
"Murder Relationship Spouse, Male",121,0,0,0,0,0,0,0,0,0,0,0,0,0,0,0,0,0,0,0,0,0,0,0,0,0,0,0,0,0,0,0,0,0,0,0,0,0,0,0,0,0,0,0,0,0,0,0,0,0,0,0,0,0,0,0,0,0,0,0,0,0,0,0,0,0,0,0,0,0,0,0,0,0,0,0,0,0,0,0,0,0,0,0,0,0,0,0,0,0,0,0,0,0,0,0,0,0,0,0,0,0,0,0,0,0,0,0,0,0,0,0,0,0,0,0,0,0,0,0,0,0,0,0,0,0,0,0,0,0,0,0,0,0,0,0,0,0,0,0,0,0,0,0,0,0,0,0,0,0,0,0,0,0,0,0,0,0,0,0,0,0,0,0,0,0,0,0,0,0,0,0,0,0,0,0,0,0,0,0,0,0,0,0,0,0,0,0,0,0,0,0,0,0,0,0,0,0,0,0,0
"Murder Relationship Live-In, Female",122,,,,,,,,,,,,,,,,,,,,,,,,,,,,,,,,,,,,,,,,,,,,,,,,,,,,,,,,,,,,,,,,,,,,,,,,,,,,,,,,,,,,,,,,,,,,,,,,,,,,,,,,,,,,,,,,,,,,,,,,,,,,,,,,,,,,,,,,,,,,,,,,,,,,,,,,,,,,,,,,,,,,,,,,,,,,,,,,,,,,,,,,,,,,,,,,,,,,,,,,
"Murder Relationship Live-In, Male",123,,,,,,,,,,,,,,,,,,,,,,,,,,,,,,,,,,,,,,,,,,,,,,,,,,,,,,,,,,,,,,,,,,,,,,,,,,,,,,,,,,,,,,,,,,,,,,,,,,,,,,,,,,,,,,,,,,,,,,,,,,,,,,,,,,,,,,,,,,,,,,,,,,,,,,,,,,,,,,,,,,,,,,,,,,,,,,,,,,,,,,,,,,,,,,,,,,,,,,,,
"Murder Relationship Ex-Live-In, Female",124,,,,,,,,,,,,,,,,,,,,,,,,,,,,,,,,,,,,,,,,,,,,,,,,,,,,,,,,,,,,,,,,,,,,,,,,,,,,,,,,,,,,,,,,,,,,,,,,,,,,,,,,,,,,,,,,,,,,,,,,,,,,,,,,,,,,,,,,,,,,,,,,,,,,,,,,,,,,,,,,,,,,,,,,,,,,,,,,,,,,,,,,,,,,,,,,,,,,,,,,
"Murder Relationship Ex-Live-In, Male",125,1,0,0,0,0,0,0,0,0,0,0,0,0,0,0,0,0,0,0,0,0,0,0,0,0,0,0,0,0,0,0,0,0,0,0,0,0,0,0,0,0,0,0,0,0,0,0,0,0,0,0,0,0,0,0,0,0,0,0,0,0,0,0,0,1,0,0,0,0,0,0,0,0,0,0,0,0,0,0,0,0,0,0,0,0,0,0,0,0,0,0,0,0,0,0,0,0,0,0,0,0,0,0,0,0,0,0,0,0,0,0,0,0,0,0,0,0,0,0,0,0,0,0,0,0,0,0,0,0,0,0,0,0,0,0,0,0,0,0,0,0,0,0,0,0,0,0,0,0,0,0,0,0,0,0,0,0,0,0,0,0,0,0,0,0,0,0,0,0,0,0,0,0,0,0,0,0,0,0,0,0,0,0,0,0,0,0,1,0,0,0,0,0,0,0,1,0,0,0,1
"Murder Relationship Co-Procreator, Female",126,1,0,0,0,0,0,0,0,0,0,0,0,0,0,0,0,0,0,0,0,0,0,0,0,0,0,0,0,0,0,0,0,0,0,0,0,0,0,0,0,0,0,0,0,0,0,0,0,0,0,0,0,0,0,0,0,0,0,0,0,0,0,0,0,0,0,0,0,0,0,0,0,0,0,0,0,0,1,0,0,0,0,0,0,0,0,0,0,0,0,0,0,0,0,0,0,0,0,0,0,0,0,0,0,0,0,0,0,0,0,0,0,0,0,0,0,0,0,0,0,0,0,0,0,0,0,0,0,0,0,0,0,0,0,0,0,0,0,0,0,0,0,0,0,0,0,0,0,0,0,0,0,0,0,0,0,0,0,0,0,0,0,0,0,0,0,0,0,0,0,0,0,0,0,0,0,0,0,0,0,0,0,0,0,0,0,0,1,0,0,0,0,0,0,0,0,1,0,0,1
"Murder Relationship Co-Procreator, Male",127,1,0,0,0,0,0,0,0,0,0,0,0,0,0,0,1,0,0,0,0,0,0,0,0,0,0,0,0,0,0,0,0,0,0,0,0,0,0,0,0,0,0,0,0,0,0,0,0,0,0,0,0,0,0,0,0,0,0,0,0,0,0,0,0,0,0,0,0,0,0,0,0,0,0,0,0,0,0,0,0,0,0,0,0,0,0,0,0,0,0,0,0,0,0,0,0,0,0,0,0,0,0,0,0,0,0,0,0,0,0,0,0,0,0,0,0,0,0,0,0,0,0,0,0,0,0,0,0,0,0,0,0,0,0,0,0,0,0,0,0,0,0,0,0,0,0,0,0,0,0,0,0,0,0,0,0,0,0,0,0,0,0,0,0,0,0,0,0,0,0,0,0,0,0,0,0,0,0,0,0,0,0,0,0,0,0,1,0,0,0,0,0,0,0,0,1,0,0,0,1
"Murder Relationship Parent, Female",128,2,0,0,0,0,0,0,0,0,0,0,0,0,0,0,0,0,0,0,0,0,0,0,0,0,0,0,0,0,0,0,0,0,0,0,0,1,0,0,0,0,0,0,0,0,0,0,0,0,0,0,0,0,0,0,0,0,0,0,0,0,0,0,0,0,0,0,0,0,0,0,0,0,0,0,0,0,0,0,0,0,0,0,0,0,0,0,0,0,0,0,0,0,0,0,0,0,0,0,0,0,0,0,0,0,0,0,0,0,0,0,0,0,0,0,0,0,0,0,0,0,0,0,0,0,0,0,0,0,0,0,0,0,0,0,0,0,0,0,0,0,0,0,0,0,0,0,0,0,0,0,0,1,0,0,0,0,0,0,0,0,0,0,0,0,0,0,0,0,0,0,0,0,0,0,0,0,0,0,0,0,0,0,0,0,0,0,0,0,1,1,0,0,0,0,1,1,1,1,1
"Murder Relationship Parent, Male",129,1,0,0,0,0,0,0,0,0,0,0,0,0,0,0,0,0,0,0,0,0,0,0,0,0,0,0,0,0,0,0,0,0,0,0,0,0,0,0,0,0,0,0,0,0,0,0,0,0,0,0,0,0,0,0,0,0,0,0,0,0,0,0,0,0,0,0,0,0,0,0,0,0,0,0,0,0,0,0,0,0,0,0,0,0,0,0,0,0,0,0,0,0,0,0,0,0,0,0,0,0,0,0,0,0,0,0,0,0,0,0,0,0,0,0,0,0,0,0,0,0,0,0,0,0,0,0,0,0,0,0,0,0,0,0,0,0,0,0,0,0,0,0,0,0,0,0,0,0,0,0,0,0,0,0,0,0,0,0,0,0,0,0,0,0,1,0,0,0,0,0,0,0,0,0,0,0,0,0,0,0,0,0,0,0,0,0,0,0,0,0,0,0,1,0,0,1,1,1,0
"Murder Relationship Child, Female",130,1,0,0,0,0,0,0,0,0,0,0,0,0,0,0,0,0,0,0,0,0,0,0,0,0,0,0,1,0,0,0,0,0,0,0,0,0,0,0,0,0,0,0,0,0,0,0,0,0,0,0,0,0,0,0,0,0,0,0,0,0,0,0,0,0,0,0,0,0,0,0,0,0,0,0,0,0,0,0,0,0,0,0,0,0,0,0,0,0,0,0,0,0,0,0,0,0,0,0,0,0,0,0,0,0,0,0,0,0,0,0,0,0,0,0,0,0,0,0,0,0,0,0,0,0,0,0,0,0,0,0,0,0,0,0,0,0,0,0,0,0,0,0,0,0,0,0,0,0,0,0,0,0,0,0,0,0,0,0,0,0,0,0,0,0,0,0,0,0,0,0,0,0,0,0,0,0,0,0,0,0,0,0,0,0,0,0,0,0,1,0,0,0,0,0,0,1,0,1,0
"Murder Relationship Child, Male",131,2,0,0,0,0,0,0,0,0,0,0,0,0,0,0,0,0,0,0,0,0,0,0,0,0,0,0,0,0,0,0,0,0,0,1,0,0,0,0,0,0,0,0,0,0,0,0,0,0,0,0,0,0,0,0,0,0,0,0,0,0,0,0,0,0,0,0,0,0,0,0,0,0,0,0,0,0,0,0,0,0,0,0,0,0,0,0,0,0,0,0,0,0,0,0,1,0,0,0,0,0,0,0,0,0,0,0,0,0,0,0,0,0,0,0,0,0,0,0,0,0,0,0,0,0,0,0,0,0,0,0,0,0,0,0,0,0,0,0,0,0,0,0,0,0,0,0,0,0,0,0,0,0,0,0,0,0,0,0,0,0,0,0,0,0,0,0,0,0,0,0,0,0,0,0,0,0,0,0,0,0,0,0,0,0,0,1,0,0,0,0,1,0,0,0,0,2,0,1,1
"Murder Relationship Sibling, Female",132,,,,,,,,,,,,,,,,,,,,,,,,,,,,,,,,,,,,,,,,,,,,,,,,,,,,,,,,,,,,,,,,,,,,,,,,,,,,,,,,,,,,,,,,,,,,,,,,,,,,,,,,,,,,,,,,,,,,,,,,,,,,,,,,,,,,,,,,,,,,,,,,,,,,,,,,,,,,,,,,,,,,,,,,,,,,,,,,,,,,,,,,,,,,,,,,,,,,,,,,
"Murder Relationship Sibling, Male",133,,,,,,,,,,,,,,,,,,,,,,,,,,,,,,,,,,,,,,,,,,,,,,,,,,,,,,,,,,,,,,,,,,,,,,,,,,,,,,,,,,,,,,,,,,,,,,,,,,,,,,,,,,,,,,,,,,,,,,,,,,,,,,,,,,,,,,,,,,,,,,,,,,,,,,,,,,,,,,,,,,,,,,,,,,,,,,,,,,,,,,,,,,,,,,,,,,,,,,,,
"Murder Relationship Grandparent, Female",134,,,,,,,,,,,,,,,,,,,,,,,,,,,,,,,,,,,,,,,,,,,,,,,,,,,,,,,,,,,,,,,,,,,,,,,,,,,,,,,,,,,,,,,,,,,,,,,,,,,,,,,,,,,,,,,,,,,,,,,,,,,,,,,,,,,,,,,,,,,,,,,,,,,,,,,,,,,,,,,,,,,,,,,,,,,,,,,,,,,,,,,,,,,,,,,,,,,,,,,,
"Murder Relationship Grandparent, Male",135,,,,,,,,,,,,,,,,,,,,,,,,,,,,,,,,,,,,,,,,,,,,,,,,,,,,,,,,,,,,,,,,,,,,,,,,,,,,,,,,,,,,,,,,,,,,,,,,,,,,,,,,,,,,,,,,,,,,,,,,,,,,,,,,,,,,,,,,,,,,,,,,,,,,,,,,,,,,,,,,,,,,,,,,,,,,,,,,,,,,,,,,,,,,,,,,,,,,,,,,
"Murder Relationship Grandchild, Female",136,0,0,0,0,0,0,0,0,0,0,0,0,0,0,0,0,0,0,0,0,0,0,0,0,0,0,0,0,0,0,0,0,0,0,0,0,0,0,0,0,0,0,0,0,0,0,0,0,0,0,0,0,0,0,0,0,0,0,0,0,0,0,0,0,0,0,0,0,0,0,0,0,0,0,0,0,0,0,0,0,0,0,0,0,0,0,0,0,0,0,0,0,0,0,0,0,0,0,0,0,0,0,0,0,0,0,0,0,0,0,0,0,0,0,0,0,0,0,0,0,0,0,0,0,0,0,0,0,0,0,0,0,0,0,0,0,0,0,0,0,0,0,0,0,0,0,0,0,0,0,0,0,0,0,0,0,0,0,0,0,0,0,0,0,0,0,0,0,0,0,0,0,0,0,0,0,0,0,0,0,0,0,0,0,0,0,0,0,0,0,0,0,0,0,0,0,0,0,0,0
"Murder Relationship Grandchild, Male",137,2,0,0,0,0,0,0,0,0,0,0,0,0,0,0,0,0,0,0,0,0,0,0,0,0,0,0,0,0,0,0,0,0,0,0,0,0,0,0,0,0,0,0,0,0,0,0,0,0,0,0,0,0,0,0,0,0,0,0,0,0,0,0,0,0,0,0,0,0,0,0,0,0,0,0,0,0,0,0,0,0,0,0,0,0,0,0,0,0,0,0,0,0,0,0,0,0,0,0,0,0,0,2,0,0,0,0,0,0,0,0,0,0,0,0,0,0,0,0,0,0,0,0,0,0,0,0,0,0,0,0,0,0,0,0,0,0,0,0,0,0,0,0,0,0,0,0,0,0,0,0,0,0,0,0,0,0,0,0,0,0,0,0,0,0,0,0,0,0,0,0,0,0,0,0,0,0,0,0,0,0,0,0,0,0,0,0,0,0,0,0,2,0,0,0,0,2,2,2,0
"Murder Relationship In-law, Female",138,,,,,,,,,,,,,,,,,,,,,,,,,,,,,,,,,,,,,,,,,,,,,,,,,,,,,,,,,,,,,,,,,,,,,,,,,,,,,,,,,,,,,,,,,,,,,,,,,,,,,,,,,,,,,,,,,,,,,,,,,,,,,,,,,,,,,,,,,,,,,,,,,,,,,,,,,,,,,,,,,,,,,,,,,,,,,,,,,,,,,,,,,,,,,,,,,,,,,,,,
"Murder Relationship In-law, Male",139,,,,,,,,,,,,,,,,,,,,,,,,,,,,,,,,,,,,,,,,,,,,,,,,,,,,,,,,,,,,,,,,,,,,,,,,,,,,,,,,,,,,,,,,,,,,,,,,,,,,,,,,,,,,,,,,,,,,,,,,,,,,,,,,,,,,,,,,,,,,,,,,,,,,,,,,,,,,,,,,,,,,,,,,,,,,,,,,,,,,,,,,,,,,,,,,,,,,,,,,
"Murder Relationship Stepparent, Female",140,,,,,,,,,,,,,,,,,,,,,,,,,,,,,,,,,,,,,,,,,,,,,,,,,,,,,,,,,,,,,,,,,,,,,,,,,,,,,,,,,,,,,,,,,,,,,,,,,,,,,,,,,,,,,,,,,,,,,,,,,,,,,,,,,,,,,,,,,,,,,,,,,,,,,,,,,,,,,,,,,,,,,,,,,,,,,,,,,,,,,,,,,,,,,,,,,,,,,,,,
"Murder Relationship Stepparent, Male",141,,,,,,,,,,,,,,,,,,,,,,,,,,,,,,,,,,,,,,,,,,,,,,,,,,,,,,,,,,,,,,,,,,,,,,,,,,,,,,,,,,,,,,,,,,,,,,,,,,,,,,,,,,,,,,,,,,,,,,,,,,,,,,,,,,,,,,,,,,,,,,,,,,,,,,,,,,,,,,,,,,,,,,,,,,,,,,,,,,,,,,,,,,,,,,,,,,,,,,,,
"Murder Relationship Stepchild, Female",142,,,,,,,,,,,,,,,,,,,,,,,,,,,,,,,,,,,,,,,,,,,,,,,,,,,,,,,,,,,,,,,,,,,,,,,,,,,,,,,,,,,,,,,,,,,,,,,,,,,,,,,,,,,,,,,,,,,,,,,,,,,,,,,,,,,,,,,,,,,,,,,,,,,,,,,,,,,,,,,,,,,,,,,,,,,,,,,,,,,,,,,,,,,,,,,,,,,,,,,,
"Murder Relationship Stepchild, Male",143,,,,,,,,,,,,,,,,,,,,,,,,,,,,,,,,,,,,,,,,,,,,,,,,,,,,,,,,,,,,,,,,,,,,,,,,,,,,,,,,,,,,,,,,,,,,,,,,,,,,,,,,,,,,,,,,,,,,,,,,,,,,,,,,,,,,,,,,,,,,,,,,,,,,,,,,,,,,,,,,,,,,,,,,,,,,,,,,,,,,,,,,,,,,,,,,,,,,,,,,
"Murder Relationship Other_Family, Female",144,,,,,,,,,,,,,,,,,,,,,,,,,,,,,,,,,,,,,,,,,,,,,,,,,,,,,,,,,,,,,,,,,,,,,,,,,,,,,,,,,,,,,,,,,,,,,,,,,,,,,,,,,,,,,,,,,,,,,,,,,,,,,,,,,,,,,,,,,,,,,,,,,,,,,,,,,,,,,,,,,,,,,,,,,,,,,,,,,,,,,,,,,,,,,,,,,,,,,,,,
"Murder Relationship Other_Family, Male",145,,,,,,,,,,,,,,,,,,,,,,,,,,,,,,,,,,,,,,,,,,,,,,,,,,,,,,,,,,,,,,,,,,,,,,,,,,,,,,,,,,,,,,,,,,,,,,,,,,,,,,,,,,,,,,,,,,,,,,,,,,,,,,,,,,,,,,,,,,,,,,,,,,,,,,,,,,,,,,,,,,,,,,,,,,,,,,,,,,,,,,,,,,,,,,,,,,,,,,,,
"Murder Relationship Neighbor, Female",146,,,,,,,,,,,,,,,,,,,,,,,,,,,,,,,,,,,,,,,,,,,,,,,,,,,,,,,,,,,,,,,,,,,,,,,,,,,,,,,,,,,,,,,,,,,,,,,,,,,,,,,,,,,,,,,,,,,,,,,,,,,,,,,,,,,,,,,,,,,,,,,,,,,,,,,,,,,,,,,,,,,,,,,,,,,,,,,,,,,,,,,,,,,,,,,,,,,,,,,,
"Murder Relationship Neighbor, Male",147,,,,,,,,,,,,,,,,,,,,,,,,,,,,,,,,,,,,,,,,,,,,,,,,,,,,,,,,,,,,,,,,,,,,,,,,,,,,,,,,,,,,,,,,,,,,,,,,,,,,,,,,,,,,,,,,,,,,,,,,,,,,,,,,,,,,,,,,,,,,,,,,,,,,,,,,,,,,,,,,,,,,,,,,,,,,,,,,,,,,,,,,,,,,,,,,,,,,,,,,
"Murder Relationship Acquaintance, Female",148,2,0,0,0,0,0,0,0,0,0,0,0,0,0,0,0,0,0,0,0,0,0,0,0,0,0,0,0,0,0,0,0,0,0,0,0,0,0,0,0,0,0,0,0,0,0,0,0,0,0,0,0,0,0,0,0,0,0,0,0,0,0,0,0,0,0,0,0,0,0,0,0,0,0,0,0,0,2,0,0,0,0,0,0,0,0,0,0,0,0,0,0,0,0,0,0,0,0,0,0,0,0,0,0,0,0,0,0,0,0,0,0,0,0,0,0,0,0,0,0,0,0,0,0,0,0,0,0,0,0,0,0,0,0,0,0,0,0,0,0,0,0,0,0,0,0,0,0,0,0,0,0,0,0,0,0,0,0,0,0,0,0,0,0,0,0,0,0,0,0,0,0,0,0,0,0,0,0,0,0,0,0,0,0,0,0,0,2,0,0,0,0,0,0,0,0,2,0,0,2
"Murder Relationship Acquaintance, Male",149,7,0,0,0,0,0,0,0,0,0,0,0,0,0,0,1,0,1,0,0,0,0,0,0,0,0,0,0,0,0,0,0,0,0,0,0,0,0,0,0,0,0,0,0,0,0,0,0,0,0,0,0,0,0,0,0,0,0,0,0,0,0,0,0,2,0,0,0,0,0,0,0,0,0,0,0,0,0,0,0,0,0,0,0,0,0,0,0,0,0,0,0,0,2,0,0,0,0,0,0,0,0,0,0,0,0,0,0,0,0,0,0,0,0,0,0,0,0,0,0,0,0,0,0,0,0,0,0,0,0,0,0,0,0,0,0,0,0,0,0,0,0,0,0,0,0,0,0,0,0,0,0,0,0,0,0,0,0,0,0,0,0,0,0,0,0,1,0,0,0,0,0,0,0,0,0,0,0,0,0,0,0,0,0,0,0,1,4,0,0,2,0,0,0,0,5,2,0,4,3
"Murder Relationship Boy/Girlfriend, Female",150,7,0,0,0,0,0,0,0,0,0,0,0,0,0,0,0,0,1,0,0,0,0,0,0,0,0,0,0,0,0,0,0,0,0,0,0,0,0,0,0,0,0,0,0,0,0,0,0,0,0,0,0,0,0,0,0,0,0,0,0,0,0,0,0,2,0,0,0,0,0,0,0,0,0,0,0,0,0,0,0,0,0,0,0,0,0,0,0,0,0,0,0,0,1,0,0,0,0,0,0,0,0,0,0,0,0,0,0,0,0,0,0,0,0,0,0,0,0,0,0,0,0,0,0,0,0,0,0,0,0,0,0,0,0,0,0,0,0,0,0,0,0,0,0,0,0,0,0,0,1,0,0,1,0,0,0,0,0,0,0,0,0,0,0,0,1,0,0,0,0,0,0,0,0,0,0,0,0,0,0,0,0,0,0,0,0,0,3,0,0,3,0,0,1,0,4,3,1,4,3
"Murder Relationship Boy/Girlfriend, Male",151,0,0,0,0,0,0,0,0,0,0,0,0,0,0,0,0,0,0,0,0,0,0,0,0,0,0,0,0,0,0,0,0,0,0,0,0,0,0,0,0,0,0,0,0,0,0,0,0,0,0,0,0,0,0,0,0,0,0,0,0,0,0,0,0,0,0,0,0,0,0,0,0,0,0,0,0,0,0,0,0,0,0,0,0,0,0,0,0,0,0,0,0,0,0,0,0,0,0,0,0,0,0,0,0,0,0,0,0,0,0,0,0,0,0,0,0,0,0,0,0,0,0,0,0,0,0,0,0,0,0,0,0,0,0,0,0,0,0,0,0,0,0,0,0,0,0,0,0,0,0,0,0,0,0,0,0,0,0,0,0,0,0,0,0,0,0,0,0,0,0,0,0,0,0,0,0,0,0,0,0,0,0,0,0,0,0,0,0,0,0,0,0,0,0,0,0,0,0,0,0
"Murder Relationship Babysittee, Female",152,,,,,,,,,,,,,,,,,,,,,,,,,,,,,,,,,,,,,,,,,,,,,,,,,,,,,,,,,,,,,,,,,,,,,,,,,,,,,,,,,,,,,,,,,,,,,,,,,,,,,,,,,,,,,,,,,,,,,,,,,,,,,,,,,,,,,,,,,,,,,,,,,,,,,,,,,,,,,,,,,,,,,,,,,,,,,,,,,,,,,,,,,,,,,,,,,,,,,,,,
"Murder Relationship Babysittee, Male",153,,,,,,,,,,,,,,,,,,,,,,,,,,,,,,,,,,,,,,,,,,,,,,,,,,,,,,,,,,,,,,,,,,,,,,,,,,,,,,,,,,,,,,,,,,,,,,,,,,,,,,,,,,,,,,,,,,,,,,,,,,,,,,,,,,,,,,,,,,,,,,,,,,,,,,,,,,,,,,,,,,,,,,,,,,,,,,,,,,,,,,,,,,,,,,,,,,,,,,,,
"Murder Relationship Child_of_Partner, Female",154,2,0,0,0,0,0,0,0,0,0,0,0,0,0,0,0,0,0,0,0,0,0,0,0,0,0,0,0,0,0,0,0,0,0,0,0,0,0,0,0,0,0,0,0,0,0,0,0,0,0,0,0,0,0,0,0,0,0,0,0,0,0,0,0,1,0,0,0,0,0,0,0,0,0,0,0,0,0,0,0,0,0,0,0,0,0,0,0,0,0,0,0,0,0,0,0,0,0,0,0,0,0,0,0,1,0,0,0,0,0,0,0,0,0,0,0,0,0,0,0,0,0,0,0,0,0,0,0,0,0,0,0,0,0,0,0,0,0,0,0,0,0,0,0,0,0,0,0,0,0,0,0,0,0,0,0,0,0,0,0,0,0,0,0,0,0,0,0,0,0,0,0,0,0,0,0,0,0,0,0,0,0,0,0,0,0,0,1,0,0,0,1,0,0,0,1,1,0,0,2
"Murder Relationship Child_of_Partner, Male",155,,,,,,,,,,,,,,,,,,,,,,,,,,,,,,,,,,,,,,,,,,,,,,,,,,,,,,,,,,,,,,,,,,,,,,,,,,,,,,,,,,,,,,,,,,,,,,,,,,,,,,,,,,,,,,,,,,,,,,,,,,,,,,,,,,,,,,,,,,,,,,,,,,,,,,,,,,,,,,,,,,,,,,,,,,,,,,,,,,,,,,,,,,,,,,,,,,,,,,,,
"Murder Relationship Ex-spouse, Female",156,,,,,,,,,,,,,,,,,,,,,,,,,,,,,,,,,,,,,,,,,,,,,,,,,,,,,,,,,,,,,,,,,,,,,,,,,,,,,,,,,,,,,,,,,,,,,,,,,,,,,,,,,,,,,,,,,,,,,,,,,,,,,,,,,,,,,,,,,,,,,,,,,,,,,,,,,,,,,,,,,,,,,,,,,,,,,,,,,,,,,,,,,,,,,,,,,,,,,,,,
"Murder Relationship Friend, Female",162,0,0,0,0,0,0,0,0,0,0,0,0,0,0,0,0,0,0,0,0,0,0,0,0,0,0,0,0,0,0,0,0,0,0,0,0,0,0,0,0,0,0,0,0,0,0,0,0,0,0,0,0,0,0,0,0,0,0,0,0,0,0,0,0,0,0,0,0,0,0,0,0,0,0,0,0,0,0,0,0,0,0,0,0,0,0,0,0,0,0,0,0,0,0,0,0,0,0,0,0,0,0,0,0,0,0,0,0,0,0,0,0,0,0,0,0,0,0,0,0,0,0,0,0,0,0,0,0,0,0,0,0,0,0,0,0,0,0,0,0,0,0,0,0,0,0,0,0,0,0,0,0,0,0,0,0,0,0,0,0,0,0,0,0,0,0,0,0,0,0,0,0,0,0,0,0,0,0,0,0,0,0,0,0,0,0,0,0,0,0,0,0,0,0,0,0,0,0,0,0
"Murder Relationship Friend, Male",163,1,0,0,0,0,0,0,0,0,0,0,0,0,0,0,0,0,0,0,0,0,0,0,0,0,0,0,0,0,0,0,0,0,0,0,0,0,0,0,0,0,0,0,0,0,0,0,1,0,0,0,0,0,0,0,0,0,0,0,0,0,0,0,0,0,0,0,0,0,0,0,0,0,0,0,0,0,0,0,0,0,0,0,0,0,0,0,0,0,0,0,0,0,0,0,0,0,0,0,0,0,0,0,0,0,0,0,0,0,0,0,0,0,0,0,0,0,0,0,0,0,0,0,0,0,0,0,0,0,0,0,0,0,0,0,0,0,0,0,0,0,0,0,0,0,0,0,0,0,0,0,0,0,0,0,0,0,0,0,0,0,0,0,0,0,0,0,0,0,0,0,0,0,0,0,0,0,0,0,0,0,0,0,0,0,0,0,1,0,0,0,0,0,0,0,0,1,0,1,0
"Murder Relationship Same_Sex_Relat, Female",164,0,0,0,0,0,0,0,0,0,0,0,0,0,0,0,0,0,0,0,0,0,0,0,0,0,0,0,0,0,0,0,0,0,0,0,0,0,0,0,0,0,0,0,0,0,0,0,0,0,0,0,0,0,0,0,0,0,0,0,0,0,0,0,0,0,0,0,0,0,0,0,0,0,0,0,0,0,0,0,0,0,0,0,0,0,0,0,0,0,0,0,0,0,0,0,0,0,0,0,0,0,0,0,0,0,0,0,0,0,0,0,0,0,0,0,0,0,0,0,0,0,0,0,0,0,0,0,0,0,0,0,0,0,0,0,0,0,0,0,0,0,0,0,0,0,0,0,0,0,0,0,0,0,0,0,0,0,0,0,0,0,0,0,0,0,0,0,0,0,0,0,0,0,0,0,0,0,0,0,0,0,0,0,0,0,0,0,0,0,0,0,0,0,0,0,0,0,0,0,0
"Murder Relationship Same_Sex_Relat, Male",165,1,0,0,0,0,0,0,0,0,0,0,1,0,0,0,0,0,0,0,0,0,0,0,0,0,0,0,0,0,0,0,0,0,0,0,0,0,0,0,0,0,0,0,0,0,0,0,0,0,0,0,0,0,0,0,0,0,0,0,0,0,0,0,0,0,0,0,0,0,0,0,0,0,0,0,0,0,0,0,0,0,0,0,0,0,0,0,0,0,0,0,0,0,0,0,0,0,0,0,0,0,0,0,0,0,0,0,0,0,0,0,0,0,0,0,0,0,0,0,0,0,0,0,0,0,0,0,0,0,0,0,0,0,0,0,0,0,0,0,0,0,0,0,0,0,0,0,0,0,0,0,0,0,0,0,0,0,0,0,0,0,0,0,0,0,0,0,0,0,0,0,0,0,0,0,0,0,0,0,0,0,0,0,0,0,0,0,1,0,0,0,0,0,0,0,0,1,0,1,0
"Murder Relationship Oth_Known_Pers, Female",166,0,0,0,0,0,0,0,0,0,0,0,0,0,0,0,0,0,0,0,0,0,0,0,0,0,0,0,0,0,0,0,0,0,0,0,0,0,0,0,0,0,0,0,0,0,0,0,0,0,0,0,0,0,0,0,0,0,0,0,0,0,0,0,0,0,0,0,0,0,0,0,0,0,0,0,0,0,0,0,0,0,0,0,0,0,0,0,0,0,0,0,0,0,0,0,0,0,0,0,0,0,0,0,0,0,0,0,0,0,0,0,0,0,0,0,0,0,0,0,0,0,0,0,0,0,0,0,0,0,0,0,0,0,0,0,0,0,0,0,0,0,0,0,0,0,0,0,0,0,0,0,0,0,0,0,0,0,0,0,0,0,0,0,0,0,0,0,0,0,0,0,0,0,0,0,0,0,0,0,0,0,0,0,0,0,0,0,0,0,0,0,0,0,0,0,0,0,0,0,0
"Murder Relationship Oth_Known_Pers, Male",167,6,0,0,0,0,0,0,0,0,0,0,0,0,0,0,0,0,0,0,0,0,0,0,0,0,0,0,0,0,0,0,0,0,0,0,0,0,0,0,0,0,0,0,0,0,0,0,0,0,0,0,0,0,0,0,0,0,0,0,0,0,0,0,0,1,0,0,0,0,0,0,0,0,0,0,0,0,0,0,0,0,0,0,0,0,0,0,0,0,0,0,0,0,2,0,2,0,0,0,0,0,0,0,0,0,0,0,0,0,0,0,0,0,0,0,0,0,0,0,0,0,0,0,0,0,0,0,0,0,0,0,0,0,0,0,0,0,0,0,0,0,0,0,0,0,0,0,0,0,0,0,0,0,0,0,0,0,1,0,0,0,0,0,0,0,0,0,0,0,0,0,0,0,0,0,0,0,0,0,0,0,0,0,0,0,0,0,1,0,0,3,2,0,0,0,3,3,0,4,2
"Murder Relationship Stranger, Female",168,1,0,0,0,0,0,0,0,0,0,0,0,0,0,0,0,0,0,0,0,0,0,0,0,0,0,0,0,0,0,0,0,0,0,0,0,0,0,0,0,0,0,0,0,0,0,0,0,0,0,0,0,0,0,0,0,0,0,0,0,0,0,0,0,0,0,0,0,0,0,0,0,0,0,0,0,0,0,0,0,0,0,0,0,0,0,0,0,0,0,0,0,0,1,0,0,0,0,0,0,0,0,0,0,0,0,0,0,0,0,0,0,0,0,0,0,0,0,0,0,0,0,0,0,0,0,0,0,0,0,0,0,0,0,0,0,0,0,0,0,0,0,0,0,0,0,0,0,0,0,0,0,0,0,0,0,0,0,0,0,0,0,0,0,0,0,0,0,0,0,0,0,0,0,0,0,0,0,0,0,0,0,0,0,0,0,0,0,0,0,1,0,0,0,0,1,0,0,1,0
"Murder Relationship Stranger, Male",169,4,0,0,0,0,0,0,0,0,0,0,0,0,0,0,0,0,0,0,0,0,0,0,0,0,0,0,0,0,0,0,0,0,0,0,0,0,0,0,0,0,0,0,0,0,0,0,0,0,0,0,0,0,0,0,0,0,0,0,0,0,0,0,0,2,0,0,0,0,0,0,0,0,0,0,0,0,0,0,0,0,0,0,0,0,0,0,0,0,0,0,0,0,2,0,0,0,0,0,0,0,0,0,0,0,0,0,0,0,0,0,0,0,0,0,0,0,0,0,0,0,0,0,0,0,0,0,0,0,0,0,0,0,0,0,0,0,0,0,0,0,0,0,0,0,0,0,0,0,0,0,0,0,0,0,0,0,0,0,0,0,0,0,0,0,0,0,0,0,0,0,0,0,0,0,0,0,0,0,0,0,0,0,0,0,0,0,2,0,0,2,0,0,0,0,4,0,0,2,2
"Murder Relationship Unknown, Female",170,0,0,0,0,0,0,0,0,0,0,0,0,0,0,0,0,0,0,0,0,0,0,0,0,0,0,0,0,0,0,0,0,0,0,0,0,0,0,0,0,0,0,0,0,0,0,0,0,0,0,0,0,0,0,0,0,0,0,0,0,0,0,0,0,0,0,0,0,0,0,0,0,0,0,0,0,0,0,0,0,0,0,0,0,0,0,0,0,0,0,0,0,0,0,0,0,0,0,0,0,0,0,0,0,0,0,0,0,0,0,0,0,0,0,0,0,0,0,0,0,0,0,0,0,0,0,0,0,0,0,0,0,0,0,0,0,0,0,0,0,0,0,0,0,0,0,0,0,0,0,0,0,0,0,0,0,0,0,0,0,0,0,0,0,0,0,0,0,0,0,0,0,0,0,0,0,0,0,0,0,0,0,0,0,0,0,0,0,0,0,0,0,0,0,0,0,0,0,0,0
"Murder Relationship Unknown, Male",171,43,0,0,0,0,0,0,0,0,0,0,0,0,0,0,9,0,0,0,0,0,0,0,0,0,0,0,0,0,0,0,0,0,0,1,0,0,0,0,0,0,0,0,1,0,0,0,0,0,0,0,0,0,0,0,0,0,0,0,0,0,0,0,0,14,0,0,0,0,0,0,0,0,0,0,0,0,0,0,0,0,0,0,0,0,0,0,0,0,1,0,0,0,11,0,0,0,0,0,0,0,0,0,0,0,0,0,0,0,0,0,0,0,0,0,0,0,0,0,0,0,0,0,0,0,0,0,0,0,0,0,0,0,0,0,0,1,1,0,0,0,0,0,0,0,0,0,0,0,0,0,0,3,0,0,0,0,1,0,0,0,0,0,0,0,0,0,0,0,0,0,0,0,0,0,0,0,0,0,0,0,0,0,0,0,0,11,16,0,0,15,0,0,1,0,38,5,1,14,29
Murder Circumstance Argument,172,13,0,0,0,0,0,0,0,0,0,0,0,0,0,0,4,0,1,0,0,0,0,0,0,0,0,0,0,0,0,0,0,0,0,1,0,0,0,0,0,0,0,0,1,0,0,0,0,0,0,0,0,0,0,0,0,0,0,0,0,0,0,0,0,2,0,0,0,0,0,0,0,0,0,0,0,0,0,0,0,0,0,0,0,0,0,0,0,0,0,0,0,0,2,0,0,0,0,0,0,0,0,0,0,0,0,0,0,0,0,0,0,0,0,0,0,0,0,0,0,0,0,0,0,0,0,0,0,0,0,0,0,0,0,0,0,0,0,0,0,0,0,0,0,0,0,0,0,0,0,0,0,1,0,0,0,0,1,0,0,0,0,0,0,0,0,0,0,0,0,0,0,0,0,0,0,0,0,0,0,0,0,0,0,0,0,5,4,0,0,4,0,0,0,0,9,4,0,4,9
Murder Circumstance LEOKA,173,,,,,,,,,,,,,,,,,,,,,,,,,,,,,,,,,,,,,,,,,,,,,,,,,,,,,,,,,,,,,,,,,,,,,,,,,,,,,,,,,,,,,,,,,,,,,,,,,,,,,,,,,,,,,,,,,,,,,,,,,,,,,,,,,,,,,,,,,,,,,,,,,,,,,,,,,,,,,,,,,,,,,,,,,,,,,,,,,,,,,,,,,,,,,,,,,,,,,,,,
Murder Circumstance Drug_Dealing,174,1,0,0,0,0,0,0,0,0,0,0,0,0,0,0,0,0,0,0,0,0,0,0,0,0,0,0,0,0,0,0,0,0,0,0,0,0,0,0,0,0,0,0,0,0,0,0,0,0,0,0,0,0,0,0,0,0,0,0,0,0,0,0,0,0,0,0,0,0,0,0,0,0,0,0,0,0,0,0,0,0,0,0,0,0,0,0,0,0,0,0,0,0,1,0,0,0,0,0,0,0,0,0,0,0,0,0,0,0,0,0,0,0,0,0,0,0,0,0,0,0,0,0,0,0,0,0,0,0,0,0,0,0,0,0,0,0,0,0,0,0,0,0,0,0,0,0,0,0,0,0,0,0,0,0,0,0,0,0,0,0,0,0,0,0,0,0,0,0,0,0,0,0,0,0,0,0,0,0,0,0,0,0,0,0,0,0,0,0,0,1,0,0,0,0,1,0,0,1,0
Murder Circumstance Gangland,175,2,0,0,0,0,0,0,0,0,0,0,0,0,0,0,1,0,0,0,0,0,0,0,0,0,0,0,0,0,0,0,0,0,0,0,0,0,0,0,0,0,0,0,0,0,0,0,0,0,0,0,0,0,0,0,0,0,0,0,0,0,0,0,0,0,0,0,0,0,0,0,0,0,0,0,0,0,0,0,0,0,0,0,0,0,0,0,0,0,0,0,0,0,1,0,0,0,0,0,0,0,0,0,0,0,0,0,0,0,0,0,0,0,0,0,0,0,0,0,0,0,0,0,0,0,0,0,0,0,0,0,0,0,0,0,0,0,0,0,0,0,0,0,0,0,0,0,0,0,0,0,0,0,0,0,0,0,0,0,0,0,0,0,0,0,0,0,0,0,0,0,0,0,0,0,0,0,0,0,0,0,0,0,0,0,0,1,0,0,0,1,0,0,0,0,2,0,0,1,1
Murder Circumstance Juvenile_Gang,176,,,,,,,,,,,,,,,,,,,,,,,,,,,,,,,,,,,,,,,,,,,,,,,,,,,,,,,,,,,,,,,,,,,,,,,,,,,,,,,,,,,,,,,,,,,,,,,,,,,,,,,,,,,,,,,,,,,,,,,,,,,,,,,,,,,,,,,,,,,,,,,,,,,,,,,,,,,,,,,,,,,,,,,,,,,,,,,,,,,,,,,,,,,,,,,,,,,,,,,,
Murder Circumstance Lovers_Quarrel,177,3,0,0,0,0,0,0,0,0,0,0,1,0,0,0,0,0,1,0,0,0,0,0,0,0,0,0,0,0,0,0,0,0,0,0,0,0,0,0,0,0,0,0,0,0,0,0,0,0,0,0,0,0,0,0,0,0,0,0,0,0,0,0,0,1,0,0,0,0,0,0,0,0,0,0,0,0,0,0,0,0,0,0,0,0,0,0,0,0,0,0,0,0,0,0,0,0,0,0,0,0,0,0,0,0,0,0,0,0,0,0,0,0,0,0,0,0,0,0,0,0,0,0,0,0,0,0,0,0,0,0,0,0,0,0,0,0,0,0,0,0,0,0,0,0,0,0,0,0,0,0,0,0,0,0,0,0,0,0,0,0,0,0,0,0,0,0,0,0,0,0,0,0,0,0,0,0,0,0,0,0,0,0,0,0,0,0,3,0,0,0,0,0,0,0,1,2,0,2,1
Murder Circumstance Mercy_Killing,178,,,,,,,,,,,,,,,,,,,,,,,,,,,,,,,,,,,,,,,,,,,,,,,,,,,,,,,,,,,,,,,,,,,,,,,,,,,,,,,,,,,,,,,,,,,,,,,,,,,,,,,,,,,,,,,,,,,,,,,,,,,,,,,,,,,,,,,,,,,,,,,,,,,,,,,,,,,,,,,,,,,,,,,,,,,,,,,,,,,,,,,,,,,,,,,,,,,,,,,,
Murder Circumstance Other_Felony,179,6,0,0,0,0,0,0,0,0,0,0,0,0,0,0,1,0,0,0,0,0,0,0,0,0,0,0,0,0,0,0,0,0,0,0,0,0,0,0,0,0,0,0,0,0,0,0,0,0,0,0,0,0,0,0,0,0,0,0,0,0,0,0,0,2,0,0,0,0,0,0,0,0,0,0,0,0,0,0,0,0,0,0,0,0,0,0,0,0,0,0,0,0,3,0,0,0,0,0,0,0,0,0,0,0,0,0,0,0,0,0,0,0,0,0,0,0,0,0,0,0,0,0,0,0,0,0,0,0,0,0,0,0,0,0,0,0,0,0,0,0,0,0,0,0,0,0,0,0,0,0,0,0,0,0,0,0,0,0,0,0,0,0,0,0,0,0,0,0,0,0,0,0,0,0,0,0,0,0,0,0,0,0,0,0,0,1,2,0,0,3,0,0,0,0,6,0,0,3,3
Murder Circumstance Other,180,27,0,0,0,0,0,0,0,0,0,0,0,0,0,0,3,0,0,0,0,0,0,0,0,0,0,0,1,0,0,0,0,0,0,1,0,0,0,0,0,0,0,0,0,0,0,0,0,0,0,0,0,0,0,0,0,0,0,0,0,0,0,0,0,7,0,0,0,0,0,0,0,0,0,0,0,0,3,0,0,0,0,0,0,0,0,0,0,0,1,0,0,0,0,0,3,0,0,0,0,0,0,2,0,1,0,0,0,0,0,0,0,0,0,0,0,0,0,0,0,0,0,0,0,0,0,0,0,0,0,0,0,0,0,0,0,0,0,0,0,0,0,0,0,0,0,0,0,0,1,0,0,2,0,0,0,0,0,0,0,0,0,0,0,0,2,0,0,0,0,0,0,0,0,0,0,0,0,0,0,0,0,0,0,0,0,4,11,0,1,3,6,0,2,0,12,15,4,9,18
Murder Circumstance Unknown,181,34,0,0,0,0,0,0,0,0,0,0,0,0,0,0,2,0,0,0,0,0,0,0,0,0,0,0,0,0,0,0,0,1,0,0,0,1,0,0,0,0,0,0,0,0,0,0,1,0,0,0,0,0,0,0,0,0,0,0,0,0,0,0,0,11,0,0,0,0,0,0,0,0,0,0,0,0,0,0,0,0,0,0,0,0,0,0,0,0,0,0,0,0,12,0,0,0,0,0,0,0,0,0,0,0,0,0,0,0,0,0,0,0,0,0,0,0,0,0,0,0,0,0,0,0,0,0,0,0,0,0,0,0,0,0,0,1,1,0,0,0,0,0,0,0,0,0,0,0,0,0,0,2,0,0,0,0,1,0,0,0,0,0,0,0,0,1,0,0,0,0,0,0,0,0,0,0,0,0,0,0,0,0,0,0,0,3,13,0,1,15,0,1,1,0,28,6,2,18,16
LEOKA Homicides,182,,,,,,,,,,,,,,,,,,,,,,,,,,,,,,,,,,,,,,,,,,,,,,,,,,,,,,,,,,,,,,,,,,,,,,,,,,,,,,,,,,,,,,,,,,,,,,,,,,,,,,,,,,,,,,,,,,,,,,,,,,,,,,,,,,,,,,,,,,,,,,,,,,,,,,,,,,,,,,,,,,,,,,,,,,,,,,,,,,,,,,,,,,,,,,,,,,,,,,,,
LEOKA Assault Offenses,183,734,0,4,0,0,0,0,4,0,2,0,0,0,0,0,71,0,10,0,0,0,0,0,0,0,1,0,0,0,0,0,0,0,3,1,1,0,4,0,0,0,0,1,11,6,0,0,2,0,9,0,0,6,0,4,0,1,3,0,0,0,0,3,0,102,0,0,0,0,0,0,0,0,0,0,0,0,12,0,0,14,0,0,9,17,0,0,0,4,23,0,0,0,86,2,37,3,0,0,1,0,0,0,19,23,0,5,0,0,1,1,4,0,0,0,0,0,0,0,1,0,0,0,0,0,0,0,1,0,0,0,0,8,0,0,0,18,0,1,5,0,1,0,0,1,0,0,1,0,6,0,0,63,1,0,0,20,4,0,0,8,0,0,1,20,0,2,1,1,1,0,0,5,0,0,0,0,0,0,0,0,0,0,2,0,52,122,226,10,18,220,116,1,21,0,340,394,52,0,734
LEOKA Assault Clearances,184,672,0,4,0,0,0,0,2,0,2,0,0,0,0,0,70,0,10,0,0,0,0,0,0,0,0,0,0,0,0,0,0,0,2,1,1,0,2,0,0,0,0,1,11,6,0,0,0,0,8,0,0,6,0,4,0,1,0,0,0,0,0,0,0,100,0,0,0,0,0,0,0,0,0,0,0,0,12,0,0,13,0,0,9,17,0,0,0,4,23,0,0,0,78,2,27,0,0,0,1,0,0,0,19,21,0,0,0,0,0,0,4,0,0,0,0,0,0,0,1,0,0,0,0,0,0,0,0,0,0,0,0,8,0,0,0,18,0,0,5,0,1,0,0,0,0,0,1,0,6,0,0,61,0,0,0,20,4,0,0,6,0,0,1,20,0,0,1,1,0,0,0,5,0,0,0,0,0,0,0,0,0,0,2,0,50,117,214,6,12,202,100,1,20,0,327,345,50,0,672
